date,airport,direction,time,destination,flight,airline,airline_source,duration,aircraft,page_date_verified,scraped_at
2026-08-01,CMB,departure,00:05,SYD Sydney,UL606,SriLankan Airlines,text,10h 5m,Airbus A330-300,True,2026-02-13T21:35:40.556887
2026-08-01,CMB,departure,00:05,KUL Kuala Lumpur,MH178,Malaysia Airlines,text,3h 45m,Boeing 737-800 (winglets) Passenger/BBJ2,True,2026-02-13T21:35:41.638861
2026-08-01,CMB,departure,00:20,MEL Melbourne,UL604,SriLankan Airlines,text,9h 50m,Airbus A330-300,True,2026-02-13T21:35:42.700446
2026-08-01,CMB,departure,00:40,DEL Delhi,UL191,SriLankan Airlines,text,3h 35m,Airbus A320,True,2026-02-13T21:35:43.767343
2026-08-01,CMB,departure,00:50,HKG Hong Kong,CX612,Cathay Pacific,text,6h 0m,Airbus A330-300,True,2026-02-13T21:35:44.825636
2026-08-01,CMB,departure,00:50,SIN Singapore,SQ469,Singapore Airlines,text,4h 0m,Boeing 787,True,2026-02-13T21:35:45.894366
2026-08-01,CMB,departure,00:55,BKK Bangkok,TG308,Thai Airways,text,3h 45m,Airbus A320,True,2026-02-13T21:35:46.956976
2026-08-01,CMB,departure,00:55,BLR Bengaluru,UL173,SriLankan Airlines,text,1h 25m,Airbus A320,True,2026-02-13T21:35:48.022905
2026-08-01,CMB,departure,01:00,KUL Kuala Lumpur,UL318,SriLankan Airlines,text,3h 50m,Airbus A320 (sharklets),True,2026-02-13T21:35:49.082469
2026-08-01,CMB,departure,01:05,BKK Bangkok,UL402,SriLankan Airlines,text,3h 40m,Airbus A320,True,2026-02-13T21:35:50.139690
2026-08-01,CMB,departure,01:50,SIN Singapore,UL306,SriLankan Airlines,text,4h 10m,Airbus A320 (sharklets),True,2026-02-13T21:35:51.199711
2026-08-01,CMB,departure,02:05,DXB Dubai,FZ570,flydubai,text,4h 40m,Boeing 737MAX 8 Passenger,True,2026-02-13T21:35:52.256469
2026-08-01,CMB,departure,02:05,KUL Kuala Lumpur,OD298,Batik Air,text,3h 50m,Boeing 737-800 Passenger,True,2026-02-13T21:35:53.308988
2026-08-01,CMB,departure,02:50,KHI Karachi,UL151,SriLankan Airlines,text,3h 25m,Airbus A320,True,2026-02-13T21:35:54.372320
2026-08-01,CMB,departure,02:55,DXB Dubai,EK649,Emirates,text,4h 25m,Boeing 777-200LR,True,2026-02-13T21:35:55.441210
2026-08-01,CMB,departure,02:55,KWI Kuwait,KU364,Kuwait Airways,text,5h 35m,Airbus A320neo,True,2026-02-13T21:35:56.503861
2026-08-01,CMB,departure,03:00,MAA Chennai,6E1172,IndiGo,text,1h 20m,Airbus A320neo,True,2026-02-13T21:35:57.587894
2026-08-01,CMB,departure,03:45,DOH Doha,QR663,Qatar Airways,text,4h 30m,Boeing 787-9,True,2026-02-13T21:35:58.653213
2026-08-01,CMB,departure,03:55,SHJ Sharjah,G9588,Air Arabia,text,4h 25m,Airbus A320neo,True,2026-02-13T21:35:59.724152
2026-08-01,CMB,departure,04:10,AUH Abu Dhabi,EY395,Etihad,text,4h 30m,Airbus A321,True,2026-02-13T21:36:00.795223
2026-08-01,CMB,departure,04:30,KWI Kuwait,J9552,Jazeera,text,5h 40m,Airbus A320neo,True,2026-02-13T21:36:01.860053
2026-08-01,CMB,departure,04:35,DOH Doha,QR659,Qatar Airways,text,4h 30m,Boeing 787-9,True,2026-02-13T21:36:02.915775
2026-08-01,CMB,departure,04:50,MCT Muscat,OV438,Salam Air,text,4h 15m,Airbus A321neo,True,2026-02-13T21:36:04.020357
2026-08-01,CMB,departure,05:15,SHJ Sharjah,G9503,Air Arabia,text,4h 25m,Airbus A320neo,True,2026-02-13T21:36:05.092743
2026-08-01,CMB,departure,06:35,MLE Male,8D921,FitsAir,text,1h 30m,Airbus A320,True,2026-02-13T21:36:06.151957
2026-08-01,CMB,departure,06:50,IST Istanbul,TK731,Turkish Airlines,text,8h 35m,Airbus A330-300,True,2026-02-13T21:36:10.739868
2026-08-01,CMB,departure,07:20,MLE Male,UL101,SriLankan Airlines,text,1h 25m,Airbus A330-300,True,2026-02-13T21:36:11.845519
2026-08-01,CMB,departure,07:20,CGK Jakarta,UL364,SriLankan Airlines,text,4h 40m,Airbus A321 (sharklets),True,2026-02-13T21:36:12.913200
2026-08-01,CMB,departure,07:25,MAA Chennai,UL121,SriLankan Airlines,text,1h 25m,Airbus A330-300,True,2026-02-13T21:36:13.986586
2026-08-01,CMB,departure,07:35,BLR Bengaluru,UL1173,SriLankan Airlines,text,1h 25m,Airbus A320,True,2026-02-13T21:36:15.050675
2026-08-01,CMB,departure,07:35,BKK Bangkok,UL404,SriLankan Airlines,text,3h 40m,Airbus A321 (sharklets),True,2026-02-13T21:36:16.156883
2026-08-01,CMB,departure,07:40,KUL Kuala Lumpur,UL314,SriLankan Airlines,text,3h 45m,Airbus A321 (sharklets),True,2026-02-13T21:36:17.216820
2026-08-01,CMB,departure,07:45,DAC Dhaka,UL189,SriLankan Airlines,text,3h 15m,Airbus A330-200,True,2026-02-13T21:36:18.273982
2026-08-01,CMB,departure,07:45,MAA Chennai,6E1174,IndiGo,text,1h 20m,Airbus A320neo,True,2026-02-13T21:36:19.327156
2026-08-01,CMB,departure,08:00,DEL Delhi,AI282,Air India,text,3h 40m,Airbus A320,True,2026-02-13T21:36:20.390663
2026-08-01,CMB,departure,08:05,COK Kochi,UL165,SriLankan Airlines,text,1h 10m,Airbus A320 (sharklets),True,2026-02-13T21:36:21.480150
2026-08-01,CMB,departure,08:15,TRZ Tiruchirappalli,UL131,SriLankan Airlines,text,1h 0m,Airbus A320,True,2026-02-13T21:36:22.537687
2026-08-01,CMB,departure,09:10,DXB Dubai,FZ580,flydubai,text,4h 40m,Boeing 737MAX 8 Passenger,True,2026-02-13T21:36:23.588995
2026-08-01,CMB,departure,10:00,AUH Abu Dhabi,EY393,Etihad,text,4h 30m,Airbus A321,True,2026-02-13T21:36:24.647060
2026-08-01,CMB,departure,10:05,DXB Dubai,EK651,Emirates,text,4h 20m,Boeing 777-300ER,True,2026-02-13T21:36:25.717276
2026-08-01,CMB,departure,10:25,KUL Kuala Lumpur,AK44,AirAsia,text,3h 40m,Airbus A320,True,2026-02-13T21:36:26.778065
2026-08-01,CMB,departure,10:30,DOH Doha,QR665,Qatar Airways,text,4h 30m,Boeing 787-9,True,2026-02-13T21:36:27.841503
2026-08-01,CMB,departure,11:00,DOH Doha,QR661,Qatar Airways,text,4h 30m,Airbus A321neo,True,2026-02-13T21:36:28.909248
2026-08-01,CMB,departure,11:15,MLE Male,FZ1026,flydubai,text,1h 30m,Boeing 737MAX 8 Passenger,True,2026-02-13T21:36:29.980183
2026-08-01,CMB,departure,11:30,BLR Bengaluru,6E1168,IndiGo,text,1h 35m,Airbus A320neo,True,2026-02-13T21:36:31.079846
2026-08-01,CMB,departure,11:45,SIN Singapore,SQ463,Singapore Airlines,text,4h 10m,Boeing 737MAX 8 Passenger,True,2026-02-13T21:36:32.141293
2026-08-01,CMB,departure,12:15,SIN Singapore,UL308,SriLankan Airlines,text,4h 10m,Airbus A330-300,True,2026-02-13T21:36:33.204779
2026-08-01,CMB,departure,12:15,GAN Gan Island,UL119,SriLankan Airlines,text,1h 50m,Airbus A320,True,2026-02-13T21:36:34.274070
2026-08-01,CMB,departure,12:30,MAA Chennai,6E1180,IndiGo,text,1h 20m,Airbus A320neo,True,2026-02-13T21:36:35.381248
2026-08-01,CMB,departure,13:10,LHR London,UL503,SriLankan Airlines,text,11h 20m,Airbus A330-300,True,2026-02-13T21:36:36.494809
2026-08-01,CMB,departure,13:30,MAA Chennai,UL127,SriLankan Airlines,text,1h 25m,Airbus A320 (sharklets),True,2026-02-13T21:36:41.086716
2026-08-01,CMB,departure,13:30,MLE Male,UL115,SriLankan Airlines,text,1h 25m,Airbus A330-300,True,2026-02-13T21:36:42.190098
2026-08-01,CMB,departure,13:35,IXM Madurai,UL139,SriLankan Airlines,text,0h 55m,Airbus A320,True,2026-02-13T21:36:43.265477
2026-08-01,CMB,departure,14:10,DEL Delhi,UL195,SriLankan Airlines,text,3h 35m,Airbus A320,True,2026-02-13T21:36:44.326332
2026-08-01,CMB,departure,15:00,HYD Hyderabad,6E1182,IndiGo,text,2h 0m,Airbus A320neo,True,2026-02-13T21:36:45.408239
2026-08-01,CMB,departure,15:10,SHJ Sharjah,G9509,Air Arabia,text,4h 25m,Airbus A321 (sharklets),True,2026-02-13T21:36:46.495700
2026-08-01,CMB,departure,16:00,BOM Mumbai,AI2275,Air India,text,2h 40m,Airbus A320neo,True,2026-02-13T21:36:47.551462
2026-08-01,CMB,departure,16:20,PKX Beijing,JD488,Capital Airlines,text,7h 5m,Airbus A330-300,True,2026-02-13T21:36:48.616801
2026-08-01,CMB,departure,16:20,AUH Abu Dhabi,EY391,Etihad,text,4h 30m,Airbus A321,True,2026-02-13T21:36:49.686778
2026-08-01,CMB,departure,16:30,MLE Male,8D923,FitsAir,text,1h 30m,Airbus A320,True,2026-02-13T21:36:50.750176
2026-08-01,CMB,departure,16:40,MLE Male,OQ2393,Chongqing Airlines,text,1h 35m,Airbus A320neo,True,2026-02-13T21:36:51.821588
2026-08-01,CMB,departure,17:05,DEL Delhi,AI278,Air India,text,3h 40m,Airbus A321,True,2026-02-13T21:36:52.885533
2026-08-01,CMB,departure,17:15,BOM Mumbai,UL143,SriLankan Airlines,text,2h 35m,Airbus A320,True,2026-02-13T21:36:53.950333
2026-08-01,CMB,departure,17:15,MAA Chennai,6E1176,IndiGo,text,1h 20m,Airbus A320neo,True,2026-02-13T21:36:55.007585
2026-08-01,CMB,departure,17:25,MLE Male,GF145,Gulf Air,text,1h 30m,Airbus A321neo,True,2026-02-13T21:36:56.062998
2026-08-01,CMB,departure,17:35,CAN Guangzhou,UL884,SriLankan Airlines,text,6h 0m,Airbus A320 (sharklets),True,2026-02-13T21:36:57.126304
2026-08-01,CMB,departure,17:35,DXB Dubai,FZ550,flydubai,text,4h 40m,Boeing 737MAX 8 Passenger,True,2026-02-13T21:36:58.187895
2026-08-01,CMB,departure,18:00,LHE Lahore,8D981,FitsAir,text,4h 10m,Airbus A320,True,2026-02-13T21:36:59.248838
2026-08-01,CMB,departure,18:15,RUH Riyadh,UL265,SriLankan Airlines,text,5h 30m,Airbus A330-300,True,2026-02-13T21:37:00.361336
2026-08-01,CMB,departure,18:15,KWI Kuwait,UL229,SriLankan Airlines,text,5h 30m,Airbus A321 (sharklets),True,2026-02-13T21:37:01.422482
2026-08-01,CMB,departure,18:25,DMM Dammam,UL253,SriLankan Airlines,text,5h 5m,Airbus A321 (sharklets),True,2026-02-13T21:37:02.495070
2026-08-01,CMB,departure,18:30,DXB Dubai,UL225,SriLankan Airlines,text,4h 40m,Airbus A330-200,True,2026-02-13T21:37:03.572641
2026-08-01,CMB,departure,18:45,MAA Chennai,UL123,SriLankan Airlines,text,1h 25m,Airbus A320,True,2026-02-13T21:37:04.641498
2026-08-01,CMB,departure,18:45,DOH Doha,UL217,SriLankan Airlines,text,5h 0m,Airbus A320,True,2026-02-13T21:37:05.744209
2026-08-01,CMB,departure,18:55,MLE Male,UL103,SriLankan Airlines,text,1h 25m,Airbus A320 (sharklets),True,2026-02-13T21:37:06.813870
2026-08-01,CMB,departure,18:55,DXB Dubai,8D821,FitsAir,text,4h 50m,Airbus A320,True,2026-02-13T21:37:11.412432
2026-08-01,CMB,departure,19:50,NRT Tokyo,UL454,SriLankan Airlines,text,8h 50m,Airbus A330-300,True,2026-02-13T21:37:12.514097
2026-08-01,CMB,departure,20:20,DOH Doha,QR655,Qatar Airways,text,4h 30m,Boeing 787-8,True,2026-02-13T21:37:13.592381
2026-08-01,CMB,departure,20:30,PVG Shanghai,MU6018,China Eastern,text,7h 10m,Airbus A330-200,True,2026-02-13T21:37:14.693150
2026-08-01,CMB,departure,20:35,MLE Male,EK653,Emirates,text,1h 30m,Boeing 777-300ER,True,2026-02-13T21:37:15.765205
2026-08-01,CMB,departure,20:55,BLR Bengaluru,6E1184,IndiGo,text,1h 35m,Airbus A320neo,True,2026-02-13T21:37:16.825657
2026-08-01,CMB,departure,21:30,DAC Dhaka,8D931,FitsAir,text,3h 15m,Airbus A320,True,2026-02-13T21:37:17.871795
2026-08-01,CMB,departure,21:30,AUH Abu Dhabi,3L709,Air Arabia Abu Dhabi,text,4h 35m,Airbus A320,True,2026-02-13T21:37:18.933288
2026-08-01,CMB,departure,21:50,AUH Abu Dhabi,EY397,Etihad,text,4h 30m,Airbus A321,True,2026-02-13T21:37:19.993376
2026-08-01,CMB,departure,22:00,BOM Mumbai,6E1186,IndiGo,text,2h 50m,Airbus A320neo,True,2026-02-13T21:37:21.050667
2026-08-01,CMB,departure,22:05,DXB Dubai,EK655,Emirates,text,4h 20m,Airbus A350-900,True,2026-02-13T21:37:22.108620
2026-08-01,CMB,departure,22:15,CKG Chongqing,OQ2394,Chongqing Airlines,text,5h 20m,Airbus A320neo,True,2026-02-13T21:37:23.163320
2026-08-01,CMB,departure,22:15,TFU Chengdu,CA426,Air China,text,5h 35m,Airbus A319,True,2026-02-13T21:37:24.218952
2026-08-01,CMB,departure,22:55,KUL Kuala Lumpur,AK46,AirAsia,text,3h 45m,Airbus A320,True,2026-02-13T21:37:25.368513
2026-08-01,CMB,departure,23:15,DMK Bangkok,FD141,Thai AirAsia,text,3h 30m,Airbus A320,True,2026-02-13T21:37:26.602994
2026-08-01,CMB,departure,23:40,BOM Mumbai,UL141,SriLankan Airlines,text,2h 30m,Airbus A320,True,2026-02-13T21:37:27.658206
2026-08-01,CMB,arrival,00:05,DXB Dubai,UL232,SriLankan Airlines,text,4h 30m,Airbus A320,True,2026-02-13T21:37:35.691536
2026-08-01,CMB,arrival,01:05,KUL Kuala Lumpur,OD297,Batik Air,text,3h 30m,Boeing 737-800 Passenger,True,2026-02-13T21:37:36.892246
2026-08-01,CMB,arrival,01:05,DXB Dubai,FZ569,flydubai,text,4h 40m,Boeing 737MAX 8 Passenger,True,2026-02-13T21:37:37.935950
2026-08-01,CMB,arrival,01:50,MAA Chennai,6E1171,IndiGo,text,1h 20m,Airbus A320neo,True,2026-02-13T21:37:38.948617
2026-08-01,CMB,arrival,01:55,KWI Kuwait,KU363,Kuwait Airways,text,5h 45m,Airbus A320neo,True,2026-02-13T21:37:39.990883
2026-08-01,CMB,arrival,02:15,DOH Doha,QR662,Qatar Airways,text,4h 55m,Boeing 787-9,True,2026-02-13T21:37:41.052816
2026-08-01,CMB,arrival,03:00,AUH Abu Dhabi,EY394,Etihad,text,4h 40m,Airbus A321,True,2026-02-13T21:37:42.104203
2026-08-01,CMB,arrival,03:05,DOH Doha,QR658,Qatar Airways,text,4h 55m,Boeing 787-9,True,2026-02-13T21:37:43.169693
2026-08-01,CMB,arrival,03:05,SHJ Sharjah,G9587,Air Arabia,text,4h 30m,Airbus A320neo,True,2026-02-13T21:37:44.353154
2026-08-01,CMB,arrival,03:30,KWI Kuwait,J9551,Jazeera,text,5h 35m,Airbus A320neo,True,2026-02-13T21:37:45.449447
2026-08-01,CMB,arrival,03:50,MCT Muscat,OV437,Salam Air,text,4h 5m,Airbus A321neo,True,2026-02-13T21:37:46.531156
2026-08-01,CMB,arrival,04:25,SHJ Sharjah,G9502,Air Arabia,text,4h 30m,Airbus A320neo,True,2026-02-13T21:37:47.607260
2026-08-01,CMB,arrival,04:50,BLR Bengaluru,UL174,SriLankan Airlines,text,1h 25m,Airbus A320,True,2026-02-13T21:37:48.672325
2026-08-01,CMB,arrival,05:00,DXB Dubai,UL226,SriLankan Airlines,text,4h 30m,Airbus A330-200,True,2026-02-13T21:37:49.747117
2026-08-01,CMB,arrival,05:05,CDG Paris,UL564,SriLankan Airlines,text,10h 30m,Airbus A330-300,True,2026-02-13T21:37:50.814419
2026-08-01,CMB,arrival,05:15,DAC Dhaka,8D932,FitsAir,text,3h 30m,Airbus A320,True,2026-02-13T21:37:51.920959
2026-08-01,CMB,arrival,05:20,IST Istanbul,TK730,Turkish Airlines,text,8h 10m,Airbus A330-300,True,2026-02-13T21:37:52.989775
2026-08-01,CMB,arrival,05:25,DXB Dubai,8D822,FitsAir,text,4h 40m,Airbus A320,True,2026-02-13T21:37:54.054641
2026-08-01,CMB,arrival,05:40,BOM Mumbai,UL142,SriLankan Airlines,text,2h 30m,Airbus A320,True,2026-02-13T21:37:55.135894
2026-08-01,CMB,arrival,05:45,FRA Frankfurt,UL558,SriLankan Airlines,text,10h 10m,Airbus A330-300,True,2026-02-13T21:37:56.194368
2026-08-01,CMB,arrival,05:55,DOH Doha,UL218,SriLankan Airlines,text,4h 55m,Airbus A321 (sharklets),True,2026-02-13T21:37:57.255433
2026-08-01,CMB,arrival,05:55,DMM Dammam,UL254,SriLankan Airlines,text,5h 10m,Airbus A321 (sharklets),True,2026-02-13T21:37:58.315018
2026-08-01,CMB,arrival,06:15,KWI Kuwait,UL230,SriLankan Airlines,text,5h 25m,Airbus A321 (sharklets),True,2026-02-13T21:37:59.396718
2026-08-01,CMB,arrival,06:20,RUH Riyadh,UL266,SriLankan Airlines,text,5h 25m,Airbus A330-200,True,2026-02-13T21:38:00.441442
2026-08-01,CMB,arrival,06:45,BOM Mumbai,6E1185,IndiGo,text,2h 30m,Airbus A320neo,True,2026-02-13T21:38:01.486858
2026-08-01,CMB,arrival,07:00,DEL Delhi,AI277,Air India,text,3h 35m,Airbus A320,True,2026-02-13T21:38:06.072073
2026-08-01,CMB,arrival,08:10,DXB Dubai,FZ579,flydubai,text,4h 45m,Boeing 737MAX 8 Passenger,True,2026-02-13T21:38:07.175455
2026-08-01,CMB,arrival,08:30,DXB Dubai,EK650,Emirates,text,4h 30m,Boeing 777-300ER,True,2026-02-13T21:38:08.208738
2026-08-01,CMB,arrival,08:35,AUH Abu Dhabi,EY392,Etihad,text,4h 40m,Airbus A321,True,2026-02-13T21:38:09.236456
2026-08-01,CMB,arrival,08:50,DEL Delhi,UL192,SriLankan Airlines,text,3h 35m,Airbus A320,True,2026-02-13T21:38:10.295391
2026-08-01,CMB,arrival,09:00,DOH Doha,QR664,Qatar Airways,text,4h 55m,Boeing 787-9,True,2026-02-13T21:38:11.348427
2026-08-01,CMB,arrival,09:25,KUL Kuala Lumpur,AK45,AirAsia,text,3h 30m,Airbus A320,True,2026-02-13T21:38:12.385243
2026-08-01,CMB,arrival,09:30,MLE Male,GF144,Gulf Air,text,1h 30m,Airbus A321neo,True,2026-02-13T21:38:13.443508
2026-08-01,CMB,arrival,09:30,DOH Doha,QR660,Qatar Airways,text,4h 55m,Airbus A321neo,True,2026-02-13T21:38:14.515194
2026-08-01,CMB,arrival,09:35,BKK Bangkok,UL403,SriLankan Airlines,text,3h 20m,Airbus A320,True,2026-02-13T21:38:15.626840
2026-08-01,CMB,arrival,09:50,KUL Kuala Lumpur,UL319,SriLankan Airlines,text,3h 30m,Airbus A320 (sharklets),True,2026-02-13T21:38:16.686206
2026-08-01,CMB,arrival,10:15,MLE Male,FZ1025,flydubai,text,1h 30m,Boeing 737MAX 8 Passenger,True,2026-02-13T21:38:17.757534
2026-08-01,CMB,arrival,10:30,BLR Bengaluru,6E1167,IndiGo,text,1h 25m,Airbus A320neo,True,2026-02-13T21:38:18.823043
2026-08-01,CMB,arrival,10:35,MLE Male,8D922,FitsAir,text,1h 30m,Airbus A320,True,2026-02-13T21:38:19.895658
2026-08-01,CMB,arrival,10:45,SIN Singapore,SQ462,Singapore Airlines,text,3h 45m,Boeing 737MAX 8 Passenger,True,2026-02-13T21:38:20.972413
2026-08-01,CMB,arrival,11:00,KHI Karachi,UL152,SriLankan Airlines,text,3h 35m,Airbus A320,True,2026-02-13T21:38:22.044595
2026-08-01,CMB,arrival,11:05,SIN Singapore,UL307,SriLankan Airlines,text,3h 50m,Airbus A320 (sharklets),True,2026-02-13T21:38:23.106468
2026-08-01,CMB,arrival,11:15,TRZ Tiruchirappalli,UL132,SriLankan Airlines,text,1h 0m,Airbus A320,True,2026-02-13T21:38:24.244953
2026-08-01,CMB,arrival,11:20,MAA Chennai,UL122,SriLankan Airlines,text,1h 25m,Airbus A330-300,True,2026-02-13T21:38:25.309021
2026-08-01,CMB,arrival,11:20,MLE Male,UL102,SriLankan Airlines,text,1h 25m,Airbus A330-300,True,2026-02-13T21:38:26.371073
2026-08-01,CMB,arrival,11:25,COK Kochi,UL166,SriLankan Airlines,text,1h 10m,Airbus A320 (sharklets),True,2026-02-13T21:38:27.434519
2026-08-01,CMB,arrival,11:25,BLR Bengaluru,UL1174,SriLankan Airlines,text,1h 25m,Airbus A320,True,2026-02-13T21:38:28.508677
2026-08-01,CMB,arrival,11:30,MAA Chennai,6E1175,IndiGo,text,1h 20m,Airbus A320neo,True,2026-02-13T21:38:29.582826
2026-08-01,CMB,arrival,12:45,LHR London,UL504,SriLankan Airlines,text,10h 45m,Airbus A330-300,True,2026-02-13T21:38:30.655224
2026-08-01,CMB,arrival,14:00,HYD Hyderabad,6E1181,IndiGo,text,2h 0m,Airbus A320neo,True,2026-02-13T21:38:31.722814
2026-08-01,CMB,arrival,14:20,PKX Beijing,JD487,Capital Airlines,text,8h 35m,Airbus A330-300,True,2026-02-13T21:38:36.308087
2026-08-01,CMB,arrival,14:20,SHJ Sharjah,G9508,Air Arabia,text,4h 30m,Airbus A321 (sharklets),True,2026-02-13T21:38:37.402889
2026-08-01,CMB,arrival,14:55,AUH Abu Dhabi,EY390,Etihad,text,4h 35m,Airbus A321,True,2026-02-13T21:38:38.428608
2026-08-01,CMB,arrival,15:00,BOM Mumbai,AI2276,Air India,text,2h 35m,Airbus A320neo,True,2026-02-13T21:38:39.458555
2026-08-01,CMB,arrival,15:40,CKG Chongqing,OQ2393,Chongqing Airlines,text,6h 10m,Airbus A320neo,True,2026-02-13T21:38:40.525717
2026-08-01,CMB,arrival,15:40,DAC Dhaka,UL190,SriLankan Airlines,text,3h 15m,Airbus A330-200,True,2026-02-13T21:38:41.592641
2026-08-01,CMB,arrival,15:45,BKK Bangkok,UL405,SriLankan Airlines,text,3h 20m,Airbus A321 (sharklets),True,2026-02-13T21:38:42.666171
2026-08-01,CMB,arrival,16:00,KUL Kuala Lumpur,UL315,SriLankan Airlines,text,3h 30m,Airbus A321 (sharklets),True,2026-02-13T21:38:43.734290
2026-08-01,CMB,arrival,16:05,ICN Seoul,UL471,SriLankan Airlines,text,8h 10m,Airbus A330-200,True,2026-02-13T21:38:44.805641
2026-08-01,CMB,arrival,16:05,DEL Delhi,AI281,Air India,text,3h 50m,Airbus A321,True,2026-02-13T21:38:45.873339
2026-08-01,CMB,arrival,16:15,MAA Chennai,6E1179,IndiGo,text,1h 20m,Airbus A320neo,True,2026-02-13T21:38:46.937874
2026-08-01,CMB,arrival,16:25,IXM Madurai,UL140,SriLankan Airlines,text,0h 55m,Airbus A320,True,2026-02-13T21:38:48.005196
2026-08-01,CMB,arrival,16:35,DXB Dubai,FZ549,flydubai,text,4h 45m,Boeing 737MAX 8 Passenger,True,2026-02-13T21:38:49.073070
2026-08-01,CMB,arrival,16:50,DXB Dubai,EK654,Emirates,text,4h 35m,Airbus A350-900,True,2026-02-13T21:38:50.133396
2026-08-01,CMB,arrival,16:50,DOH Doha,QR654,Qatar Airways,text,4h 55m,Boeing 787-8,True,2026-02-13T21:38:51.211413
2026-08-01,CMB,arrival,16:50,GAN Gan Island,UL120,SriLankan Airlines,text,1h 55m,Airbus A320,True,2026-02-13T21:38:52.302174
2026-08-01,CMB,arrival,17:00,NRT Tokyo,UL455,SriLankan Airlines,text,9h 15m,Airbus A330-300,True,2026-02-13T21:38:53.370350
2026-08-01,CMB,arrival,17:20,MAA Chennai,UL128,SriLankan Airlines,text,1h 25m,Airbus A320 (sharklets),True,2026-02-13T21:38:54.436688
2026-08-01,CMB,arrival,17:30,MLE Male,UL116,SriLankan Airlines,text,1h 25m,Airbus A330-300,True,2026-02-13T21:38:55.497290
2026-08-01,CMB,arrival,17:30,CGK Jakarta,UL365,SriLankan Airlines,text,4h 35m,Airbus A321 (sharklets),True,2026-02-13T21:38:56.546539
2026-08-01,CMB,arrival,18:30,MLE Male,EK652,Emirates,text,1h 30m,Boeing 777-300ER,True,2026-02-13T21:38:57.596565
2026-08-01,CMB,arrival,19:00,PVG Shanghai,MU6017,China Eastern,text,7h 5m,Airbus A330-200,True,2026-02-13T21:38:58.655665
2026-08-01,CMB,arrival,19:55,BLR Bengaluru,6E1183,IndiGo,text,1h 25m,Airbus A320neo,True,2026-02-13T21:38:59.714646
2026-08-01,CMB,arrival,20:30,MLE Male,8D924,FitsAir,text,1h 30m,Airbus A320,True,2026-02-13T21:39:00.851331
2026-08-01,CMB,arrival,20:35,AUH Abu Dhabi,EY396,Etihad,text,4h 40m,Airbus A321,True,2026-02-13T21:39:01.912746
2026-08-01,CMB,arrival,20:50,AUH Abu Dhabi,3L708,Air Arabia Abu Dhabi,text,4h 40m,Airbus A320,True,2026-02-13T21:39:06.507880
2026-08-01,CMB,arrival,20:55,TFU Chengdu,CA425,Air China,text,5h 45m,Airbus A319,True,2026-02-13T21:39:07.576722
2026-08-01,CMB,arrival,21:00,MLE Male,OQ2394,Chongqing Airlines,text,1h 40m,Airbus A320neo,True,2026-02-13T21:39:08.600587
2026-08-01,CMB,arrival,21:00,MAA Chennai,6E1173,IndiGo,text,1h 20m,Airbus A320neo,True,2026-02-13T21:39:09.651076
2026-08-01,CMB,arrival,21:30,SIN Singapore,UL309,SriLankan Airlines,text,3h 50m,Airbus A330-300,True,2026-02-13T21:39:10.712201
2026-08-01,CMB,arrival,21:55,KUL Kuala Lumpur,AK47,AirAsia,text,3h 30m,Airbus A320,True,2026-02-13T21:39:11.772025
2026-08-01,CMB,arrival,22:10,DXB Dubai,EK648,Emirates,text,4h 30m,Boeing 777-200LR,True,2026-02-13T21:39:12.808159
2026-08-01,CMB,arrival,22:15,DMK Bangkok,FD140,Thai AirAsia,text,3h 25m,Airbus A320,True,2026-02-13T21:39:13.900427
2026-08-01,CMB,arrival,22:20,DEL Delhi,UL196,SriLankan Airlines,text,3h 35m,Airbus A320,True,2026-02-13T21:39:14.949976
2026-08-01,CMB,arrival,22:25,MEL Melbourne,UL605,SriLankan Airlines,text,10h 45m,Airbus A330-300,True,2026-02-13T21:39:16.011446
2026-08-01,CMB,arrival,22:40,MAA Chennai,UL124,SriLankan Airlines,text,1h 25m,Airbus A320,True,2026-02-13T21:39:17.061588
2026-08-01,CMB,arrival,22:55,MLE Male,UL104,SriLankan Airlines,text,1h 25m,Airbus A320 (sharklets),True,2026-02-13T21:39:18.108846
2026-08-01,CMB,arrival,22:55,SYD Sydney,UL607,SriLankan Airlines,text,11h 15m,Airbus A330-300,True,2026-02-13T21:39:19.169157
2026-08-01,CMB,arrival,22:55,KUL Kuala Lumpur,MH179,Malaysia Airlines,text,3h 25m,Boeing 737-800 (winglets) Passenger/BBJ2,True,2026-02-13T21:39:20.222933
2026-08-01,CMB,arrival,23:10,BOM Mumbai,UL144,SriLankan Airlines,text,2h 30m,Airbus A320,True,2026-02-13T21:39:21.292558
2026-08-01,CMB,arrival,23:30,HKG Hong Kong,CX611,Cathay Pacific,text,5h 25m,Airbus A330-300,True,2026-02-13T21:39:22.358458
2026-08-01,CMB,arrival,23:35,SIN Singapore,SQ468,Singapore Airlines,text,3h 45m,Boeing 787,True,2026-02-13T21:39:23.425299
2026-08-01,CMB,arrival,23:55,BKK Bangkok,TG307,Thai Airways,text,3h 45m,Airbus A320,True,2026-02-13T21:39:24.487604
