date,origin_group,dep_airport,arr_airport,destination,airline,airline_code,dep_time,arr_time,duration,stops,price_value,price_text,scraped_at,source
2026-01-26,BKKA,DMK,CJM,CJM,Nok Air,DD,17:55,19:00,1ชม.5นาที,Direct,1597,"฿1,597",2026-01-26T14:14:18.790717,airpaz.com
2026-01-27,BKKA,DMK,CJM,CJM,Nok Air,DD,17:55,19:00,1ชม.5นาที,Direct,1017,"฿1,017",2026-01-26T14:14:48.590683,airpaz.com
2026-01-27,BKKA,DMK,CJM,CJM,Thai AirAsia,FD,07:25,08:30,1ชม.5นาที,Direct,1908,"฿1,908",2026-01-26T14:14:48.695164,airpaz.com
2026-01-29,BKKA,DMK,CJM,CJM,Thai AirAsia,FD,07:25,08:30,1ชม.5นาที,Direct,1468,"฿1,468",2026-01-26T14:16:31.776505,airpaz.com
2026-01-30,BKKA,DMK,CJM,CJM,Nok Air,DD,17:55,19:00,1ชม.5นาที,Direct,1017,"฿1,017",2026-01-26T14:16:52.380817,airpaz.com
2026-01-30,BKKA,DMK,CJM,CJM,Thai AirAsia,FD,07:25,08:30,1ชม.5นาที,Direct,1908,"฿1,908",2026-01-26T14:16:52.432254,airpaz.com
2026-01-31,BKKA,DMK,CJM,CJM,Thai AirAsia,FD,07:25,08:30,1ชม.5นาที,Direct,1321,"฿1,321",2026-01-26T14:17:57.045575,airpaz.com
2026-02-01,BKKA,DMK,CJM,CJM,Nok Air,DD,17:55,19:00,1ชม.5นาที,Direct,920,฿920,2026-01-26T14:17:59.933670,airpaz.com
2026-02-01,BKKA,DMK,CJM,CJM,Thai AirAsia,FD,07:25,08:30,1ชม.5นาที,Direct,1321,"฿1,321",2026-01-26T14:18:00.108892,airpaz.com
2026-02-03,BKKA,DMK,CJM,CJM,Nok Air,DD,17:55,19:00,1ชม.5นาที,Direct,1017,"฿1,017",2026-01-26T14:20:09.249423,airpaz.com
2026-02-03,BKKA,DMK,CJM,CJM,Thai AirAsia,FD,07:25,08:30,1ชม.5นาที,Direct,1321,"฿1,321",2026-01-26T14:20:09.297940,airpaz.com
2026-02-04,BKKA,DMK,CJM,CJM,Nok Air,DD,17:55,19:00,1ชม.5นาที,Direct,920,฿920,2026-01-26T14:20:38.426821,airpaz.com
2026-02-04,BKKA,DMK,CJM,CJM,Thai AirAsia,FD,13:45,14:45,1ชม.0นาที,Direct,1005,"฿1,005",2026-01-26T14:20:38.469910,airpaz.com
2026-02-04,BKKA,DMK,CJM,CJM,Thai AirAsia,FD,07:30,08:30,1ชม.0นาที,Direct,1321,"฿1,321",2026-01-26T14:20:38.510941,airpaz.com
2026-02-05,BKKA,DMK,CJM,CJM,Thai AirAsia,FD,07:25,08:30,1ชม.5นาที,Direct,1028,"฿1,028",2026-01-26T14:21:07.613894,airpaz.com
2026-02-05,BKKA,DMK,CJM,CJM,Nok Air,DD,17:55,19:00,1ชม.5นาที,Direct,1210,"฿1,210",2026-01-26T14:21:07.675567,airpaz.com
2026-02-06,BKKA,DMK,CJM,CJM,Nok Air,DD,17:55,19:00,1ชม.5นาที,Direct,1210,"฿1,210",2026-01-26T14:21:38.031332,airpaz.com
2026-02-06,BKKA,DMK,CJM,CJM,Thai AirAsia,FD,14:05,15:05,1ชม.0นาที,Direct,1292,"฿1,292",2026-01-26T14:21:38.121267,airpaz.com
2026-02-06,BKKA,DMK,CJM,CJM,Thai AirAsia,FD,07:25,08:30,1ชม.5นาที,Direct,1468,"฿1,468",2026-01-26T14:21:38.199670,airpaz.com
2026-02-07,BKKA,DMK,CJM,CJM,Nok Air,DD,17:55,19:00,1ชม.5นาที,Direct,1210,"฿1,210",2026-01-26T14:21:41.678236,airpaz.com
2026-02-07,BKKA,DMK,CJM,CJM,Thai AirAsia,FD,14:05,15:05,1ชม.0นาที,Direct,1292,"฿1,292",2026-01-26T14:21:41.752478,airpaz.com
2026-02-07,BKKA,DMK,CJM,CJM,Thai AirAsia,FD,07:25,08:30,1ชม.5นาที,Direct,1468,"฿1,468",2026-01-26T14:21:41.821874,airpaz.com
2026-02-08,BKKA,DMK,CJM,CJM,Thai AirAsia,FD,13:55,14:55,1ชม.0นาที,Direct,1005,"฿1,005",2026-01-26T14:22:11.135173,airpaz.com
2026-02-08,BKKA,DMK,CJM,CJM,Nok Air,DD,17:55,19:00,1ชม.5นาที,Direct,1017,"฿1,017",2026-01-26T14:22:11.255086,airpaz.com
2026-02-08,BKKA,DMK,CJM,CJM,Thai AirAsia,FD,07:20,08:25,1ชม.5นาที,Direct,1321,"฿1,321",2026-01-26T14:22:11.322627,airpaz.com
2026-02-09,BKKA,DMK,CJM,CJM,Thai AirAsia,FD,07:25,08:30,1ชม.5นาที,Direct,930,฿930,2026-01-26T14:22:41.124354,airpaz.com
2026-02-09,BKKA,DMK,CJM,CJM,Nok Air,DD,17:55,19:00,1ชม.5นาที,Direct,1210,"฿1,210",2026-01-26T14:22:41.188485,airpaz.com
2026-02-10,BKKA,DMK,CJM,CJM,Nok Air,DD,17:55,19:00,1ชม.5นาที,Direct,1210,"฿1,210",2026-01-26T14:23:10.610906,airpaz.com
2026-02-10,BKKA,DMK,CJM,CJM,Thai AirAsia,FD,07:25,08:30,1ชม.5นาที,Direct,1272,"฿1,272",2026-01-26T14:23:10.694670,airpaz.com
2026-02-11,BKKA,DMK,CJM,CJM,Thai AirAsia,FD,13:35,14:35,1ชม.0นาที,Direct,910,฿910,2026-01-26T14:23:40.555887,airpaz.com
2026-02-11,BKKA,DMK,CJM,CJM,Thai AirAsia,FD,07:25,08:30,1ชม.5นาที,Direct,930,฿930,2026-01-26T14:23:40.711938,airpaz.com
2026-02-12,BKKA,DMK,CJM,CJM,Thai AirAsia,FD,13:35,14:35,1ชม.0นาที,Direct,910,฿910,2026-01-26T14:23:43.162798,airpaz.com
2026-02-12,BKKA,DMK,CJM,CJM,Thai AirAsia,FD,07:25,08:30,1ชม.5นาที,Direct,930,฿930,2026-01-26T14:23:43.228083,airpaz.com
2026-02-12,BKKA,DMK,CJM,CJM,Nok Air,DD,17:55,19:00,1ชม.5นาที,Direct,1017,"฿1,017",2026-01-26T14:23:43.289426,airpaz.com
2026-02-13,BKKA,DMK,CJM,CJM,Thai AirAsia,FD,13:50,14:50,1ชม.0นาที,Direct,910,฿910,2026-01-26T14:24:12.044514,airpaz.com
2026-02-13,BKKA,DMK,CJM,CJM,Nok Air,DD,17:55,19:00,1ชม.5นาที,Direct,1017,"฿1,017",2026-01-26T14:24:12.104612,airpaz.com
2026-02-13,BKKA,DMK,CJM,CJM,Thai AirAsia,FD,07:25,08:30,1ชม.5นาที,Direct,1272,"฿1,272",2026-01-26T14:24:12.164216,airpaz.com
2026-02-14,BKKA,DMK,CJM,CJM,Nok Air,DD,17:55,19:00,1ชม.5นาที,Direct,1210,"฿1,210",2026-01-26T14:24:41.597360,airpaz.com
2026-02-14,BKKA,DMK,CJM,CJM,Thai AirAsia,FD,07:25,08:30,1ชม.5นาที,Direct,1370,"฿1,370",2026-01-26T14:24:41.675303,airpaz.com
2026-02-15,BKKA,DMK,CJM,CJM,Nok Air,DD,17:55,19:00,1ชม.5นาที,Direct,1017,"฿1,017",2026-01-26T14:25:11.085193,airpaz.com
2026-02-15,BKKA,DMK,CJM,CJM,Thai AirAsia,FD,07:25,08:30,1ชม.5นาที,Direct,1272,"฿1,272",2026-01-26T14:25:11.137688,airpaz.com
2026-02-15,BKKA,DMK,CJM,CJM,Thai AirAsia,FD,13:05,14:05,1ชม.0นาที,Direct,1340,"฿1,340",2026-01-26T14:25:11.195041,airpaz.com
2026-02-16,BKKA,DMK,CJM,CJM,Nok Air,DD,17:55,19:00,1ชม.5นาที,Direct,1017,"฿1,017",2026-01-26T14:25:41.133845,airpaz.com
2026-02-16,BKKA,DMK,CJM,CJM,Thai AirAsia,FD,07:25,08:30,1ชม.5นาที,Direct,1272,"฿1,272",2026-01-26T14:25:41.429772,airpaz.com
2026-02-17,BKKA,DMK,CJM,CJM,Nok Air,DD,17:55,19:00,1ชม.5นาที,Direct,920,฿920,2026-01-26T14:26:11.121660,airpaz.com
2026-02-17,BKKA,DMK,CJM,CJM,Thai AirAsia,FD,07:25,08:30,1ชม.5นาที,Direct,930,฿930,2026-01-26T14:26:11.217896,airpaz.com
2026-02-18,BKKA,DMK,CJM,CJM,Nok Air,DD,17:55,19:00,1ชม.5นาที,Direct,920,฿920,2026-01-26T14:26:15.167133,airpaz.com
2026-02-18,BKKA,DMK,CJM,CJM,Thai AirAsia,FD,07:25,08:30,1ชม.5นาที,Direct,930,฿930,2026-01-26T14:26:15.225303,airpaz.com
2026-02-19,BKKA,DMK,CJM,CJM,Nok Air,DD,17:55,19:00,1ชม.5นาที,Direct,1017,"฿1,017",2026-01-26T14:26:44.881604,airpaz.com
2026-02-19,BKKA,DMK,CJM,CJM,Thai AirAsia,FD,07:25,08:30,1ชม.5นาที,Direct,1272,"฿1,272",2026-01-26T14:26:44.933410,airpaz.com
2026-02-20,BKKA,DMK,CJM,CJM,Nok Air,DD,17:55,19:00,1ชม.5นาที,Direct,1017,"฿1,017",2026-01-26T14:27:53.668251,airpaz.com
2026-02-20,BKKA,DMK,CJM,CJM,Thai AirAsia,FD,13:05,14:05,1ชม.0นาที,Direct,1244,"฿1,244",2026-01-26T14:27:53.724353,airpaz.com
2026-02-20,BKKA,DMK,CJM,CJM,Thai AirAsia,FD,07:25,08:30,1ชม.5นาที,Direct,1272,"฿1,272",2026-01-26T14:27:53.780535,airpaz.com
2026-02-22,BKKA,DMK,CJM,CJM,Nok Air,DD,17:55,19:00,1ชม.5นาที,Direct,1210,"฿1,210",2026-01-26T14:29:36.551885,airpaz.com
2026-02-22,BKKA,DMK,CJM,CJM,Thai AirAsia,FD,07:25,08:30,1ชม.5นาที,Direct,1272,"฿1,272",2026-01-26T14:29:36.611241,airpaz.com
2026-02-23,BKKA,DMK,CJM,CJM,Nok Air,DD,17:55,19:00,1ชม.5นาที,Direct,1017,"฿1,017",2026-01-26T14:30:05.867545,airpaz.com
2026-02-23,BKKA,DMK,CJM,CJM,Thai AirAsia,FD,07:25,08:30,1ชม.5นาที,Direct,1272,"฿1,272",2026-01-26T14:30:05.921058,airpaz.com
2026-02-24,BKKA,DMK,CJM,CJM,Nok Air,DD,17:55,19:00,1ชม.5นาที,Direct,920,฿920,2026-01-26T14:30:34.659941,airpaz.com
2026-02-24,BKKA,DMK,CJM,CJM,Thai AirAsia,FD,07:25,08:30,1ชม.5นาที,Direct,930,฿930,2026-01-26T14:30:34.753829,airpaz.com
2026-02-25,BKKA,DMK,CJM,CJM,Thai AirAsia,FD,13:35,14:35,1ชม.0นาที,Direct,910,฿910,2026-01-26T14:31:03.576218,airpaz.com
2026-02-25,BKKA,DMK,CJM,CJM,Nok Air,DD,17:55,19:00,1ชม.5นาที,Direct,920,฿920,2026-01-26T14:31:03.670204,airpaz.com
2026-02-25,BKKA,DMK,CJM,CJM,Thai AirAsia,FD,07:25,08:30,1ชม.5นาที,Direct,930,฿930,2026-01-26T14:31:03.722185,airpaz.com
2026-02-26,BKKA,DMK,CJM,CJM,Thai AirAsia,FD,07:25,08:30,1ชม.5นาที,Direct,930,฿930,2026-01-26T14:31:33.016383,airpaz.com
2026-02-26,BKKA,DMK,CJM,CJM,Nok Air,DD,17:55,19:00,1ชม.5นาที,Direct,1017,"฿1,017",2026-01-26T14:31:33.109706,airpaz.com
2026-02-27,BKKA,DMK,CJM,CJM,Thai AirAsia,FD,14:05,15:05,1ชม.0นาที,Direct,910,฿910,2026-01-26T14:32:01.973548,airpaz.com
2026-02-27,BKKA,DMK,CJM,CJM,Thai AirAsia,FD,07:25,08:30,1ชม.5นาที,Direct,930,฿930,2026-01-26T14:32:02.026178,airpaz.com
2026-02-27,BKKA,DMK,CJM,CJM,Nok Air,DD,17:55,19:00,1ชม.5นาที,Direct,1017,"฿1,017",2026-01-26T14:32:02.080564,airpaz.com
2026-02-28,BKKA,DMK,CJM,CJM,Thai AirAsia,FD,07:25,08:30,1ชม.5นาที,Direct,1370,"฿1,370",2026-01-26T14:32:32.518662,airpaz.com
2026-02-28,BKKA,DMK,CJM,CJM,Nok Air,DD,17:55,19:00,1ชม.5นาที,Direct,1404,"฿1,404",2026-01-26T14:32:32.616981,airpaz.com
2026-03-01,BKKA,DMK,CJM,CJM,Thai AirAsia,FD,13:05,14:05,1ชม.0นาที,Direct,910,฿910,2026-01-26T14:33:01.938484,airpaz.com
2026-03-01,BKKA,DMK,CJM,CJM,Thai AirAsia,FD,07:25,08:30,1ชม.5นาที,Direct,930,฿930,2026-01-26T14:33:02.008705,airpaz.com
2026-03-01,BKKA,DMK,CJM,CJM,Nok Air,DD,17:55,19:00,1ชม.5นาที,Direct,1017,"฿1,017",2026-01-26T14:33:02.077616,airpaz.com
2026-03-02,BKKA,DMK,CJM,CJM,Thai AirAsia,FD,07:25,08:30,1ชม.5นาที,Direct,930,฿930,2026-01-26T14:33:30.964681,airpaz.com
2026-03-03,BKKA,DMK,CJM,CJM,Thai AirAsia,FD,07:25,08:30,1ชม.5นาที,Direct,1272,"฿1,272",2026-01-26T14:34:00.503713,airpaz.com
2026-03-03,BKKA,DMK,CJM,CJM,Nok Air,DD,17:55,19:00,1ชม.5นาที,Direct,1404,"฿1,404",2026-01-26T14:34:00.559884,airpaz.com
2026-03-04,BKKA,DMK,CJM,CJM,Thai AirAsia,FD,13:05,14:05,1ชม.0นาที,Direct,910,฿910,2026-01-26T14:34:29.753171,airpaz.com
2026-03-04,BKKA,DMK,CJM,CJM,Nok Air,DD,17:55,19:00,1ชม.5นาที,Direct,920,฿920,2026-01-26T14:34:29.865415,airpaz.com
2026-03-04,BKKA,DMK,CJM,CJM,Thai AirAsia,FD,07:25,08:30,1ชม.5นาที,Direct,1272,"฿1,272",2026-01-26T14:34:29.942651,airpaz.com
2026-03-05,BKKA,DMK,CJM,CJM,Thai AirAsia,FD,07:25,08:30,1ชม.5นาที,Direct,930,฿930,2026-01-26T14:34:58.754605,airpaz.com
2026-03-05,BKKA,DMK,CJM,CJM,Nok Air,DD,17:55,19:00,1ชม.5นาที,Direct,1017,"฿1,017",2026-01-26T14:34:58.812148,airpaz.com
2026-03-06,BKKA,DMK,CJM,CJM,Thai AirAsia,FD,13:05,14:05,1ชม.0นาที,Direct,910,฿910,2026-01-26T14:35:27.843329,airpaz.com
2026-03-06,BKKA,DMK,CJM,CJM,Thai AirAsia,FD,07:25,08:30,1ชม.5นาที,Direct,930,฿930,2026-01-26T14:35:27.898174,airpaz.com
2026-03-06,BKKA,DMK,CJM,CJM,Nok Air,DD,17:55,19:00,1ชม.5นาที,Direct,1017,"฿1,017",2026-01-26T14:35:27.950389,airpaz.com
2026-03-07,BKKA,DMK,CJM,CJM,Thai AirAsia,FD,07:25,08:30,1ชม.5นาที,Direct,930,฿930,2026-01-26T14:35:57.072016,airpaz.com
2026-03-07,BKKA,DMK,CJM,CJM,Nok Air,DD,17:55,19:00,1ชม.5นาที,Direct,1017,"฿1,017",2026-01-26T14:35:57.125107,airpaz.com
2026-03-08,BKKA,DMK,CJM,CJM,Thai AirAsia,FD,13:05,14:05,1ชม.0นาที,Direct,910,฿910,2026-01-26T14:36:25.565748,airpaz.com
2026-03-08,BKKA,DMK,CJM,CJM,Thai AirAsia,FD,07:25,08:30,1ชม.5นาที,Direct,930,฿930,2026-01-26T14:36:25.618831,airpaz.com
2026-03-08,BKKA,DMK,CJM,CJM,Nok Air,DD,17:55,19:00,1ชม.5นาที,Direct,1017,"฿1,017",2026-01-26T14:36:25.669549,airpaz.com
2026-03-09,BKKA,DMK,CJM,CJM,Thai AirAsia,FD,07:25,08:30,1ชม.5นาที,Direct,930,฿930,2026-01-26T14:36:54.591944,airpaz.com
2026-03-09,BKKA,DMK,CJM,CJM,Nok Air,DD,17:55,19:00,1ชม.5นาที,Direct,1017,"฿1,017",2026-01-26T14:36:54.647332,airpaz.com
2026-03-10,BKKA,DMK,CJM,CJM,Nok Air,DD,17:55,19:00,1ชม.5นาที,Direct,920,฿920,2026-01-26T14:37:23.994372,airpaz.com
2026-03-10,BKKA,DMK,CJM,CJM,Thai AirAsia,FD,07:25,08:30,1ชม.5นาที,Direct,930,฿930,2026-01-26T14:37:24.123193,airpaz.com
2026-03-11,BKKA,DMK,CJM,CJM,Thai AirAsia,FD,13:05,14:05,1ชม.0นาที,Direct,910,฿910,2026-01-26T14:37:53.617405,airpaz.com
2026-03-11,BKKA,DMK,CJM,CJM,Thai AirAsia,FD,07:25,08:30,1ชม.5นาที,Direct,930,฿930,2026-01-26T14:37:53.678634,airpaz.com
2026-03-11,BKKA,DMK,CJM,CJM,Nok Air,DD,17:55,19:00,1ชม.5นาที,Direct,1017,"฿1,017",2026-01-26T14:37:53.808601,airpaz.com
2026-03-12,BKKA,DMK,CJM,CJM,Thai AirAsia,FD,07:25,08:30,1ชม.5นาที,Direct,930,฿930,2026-01-26T14:38:22.932660,airpaz.com
2026-03-12,BKKA,DMK,CJM,CJM,Nok Air,DD,17:55,19:00,1ชม.5นาที,Direct,1017,"฿1,017",2026-01-26T14:38:23.005633,airpaz.com
2026-03-13,BKKA,DMK,CJM,CJM,Thai AirAsia,FD,13:05,14:05,1ชม.0นาที,Direct,910,฿910,2026-01-26T14:38:51.855154,airpaz.com
2026-03-13,BKKA,DMK,CJM,CJM,Nok Air,DD,17:55,19:00,1ชม.5นาที,Direct,1017,"฿1,017",2026-01-26T14:38:51.920393,airpaz.com
2026-03-13,BKKA,DMK,CJM,CJM,Thai AirAsia,FD,07:25,08:30,1ชม.5นาที,Direct,1272,"฿1,272",2026-01-26T14:38:51.978805,airpaz.com
2026-03-14,BKKA,DMK,CJM,CJM,Nok Air,DD,17:55,19:00,1ชม.5นาที,Direct,920,฿920,2026-01-26T14:39:22.197985,airpaz.com
2026-03-14,BKKA,DMK,CJM,CJM,Thai AirAsia,FD,07:25,08:30,1ชม.5นาที,Direct,930,฿930,2026-01-26T14:39:22.267726,airpaz.com
2026-03-15,BKKA,DMK,CJM,CJM,Thai AirAsia,FD,13:05,14:05,1ชม.0นาที,Direct,910,฿910,2026-01-26T14:39:51.038328,airpaz.com
2026-03-15,BKKA,DMK,CJM,CJM,Thai AirAsia,FD,07:25,08:30,1ชม.5นาที,Direct,930,฿930,2026-01-26T14:39:51.116323,airpaz.com
2026-03-15,BKKA,DMK,CJM,CJM,Nok Air,DD,17:55,19:00,1ชม.5นาที,Direct,1017,"฿1,017",2026-01-26T14:39:51.246464,airpaz.com
2026-03-16,BKKA,DMK,CJM,CJM,Nok Air,DD,17:55,19:00,1ชม.5นาที,Direct,1017,"฿1,017",2026-01-26T14:40:20.198647,airpaz.com
2026-03-16,BKKA,DMK,CJM,CJM,Thai AirAsia,FD,07:25,08:30,1ชม.5นาที,Direct,1272,"฿1,272",2026-01-26T14:40:20.286571,airpaz.com
2026-03-17,BKKA,DMK,CJM,CJM,Thai AirAsia,FD,07:25,08:30,1ชม.5นาที,Direct,930,฿930,2026-01-26T14:41:34.952853,airpaz.com
2026-03-17,BKKA,DMK,CJM,CJM,Nok Air,DD,17:55,19:00,1ชม.5นาที,Direct,1017,"฿1,017",2026-01-26T14:41:35.015888,airpaz.com
2026-03-18,BKKA,DMK,CJM,CJM,Thai AirAsia,FD,13:05,14:05,1ชม.0นาที,Direct,910,฿910,2026-01-26T14:42:05.263995,airpaz.com
2026-03-18,BKKA,DMK,CJM,CJM,Nok Air,DD,17:55,19:00,1ชม.5นาที,Direct,920,฿920,2026-01-26T14:42:05.327859,airpaz.com
2026-03-18,BKKA,DMK,CJM,CJM,Thai AirAsia,FD,07:25,08:30,1ชม.5นาที,Direct,1272,"฿1,272",2026-01-26T14:42:05.388018,airpaz.com
2026-03-19,BKKA,DMK,CJM,CJM,Nok Air,DD,17:55,19:00,1ชม.5นาที,Direct,1017,"฿1,017",2026-01-26T14:42:34.103324,airpaz.com
2026-03-19,BKKA,DMK,CJM,CJM,Thai AirAsia,FD,07:25,08:30,1ชม.5นาที,Direct,1272,"฿1,272",2026-01-26T14:42:34.168447,airpaz.com
2026-03-20,BKKA,DMK,CJM,CJM,Thai AirAsia,FD,13:05,14:05,1ชม.0นาที,Direct,910,฿910,2026-01-26T14:43:03.758161,airpaz.com
2026-03-20,BKKA,DMK,CJM,CJM,Thai AirAsia,FD,07:25,08:30,1ชม.5นาที,Direct,930,฿930,2026-01-26T14:43:03.890619,airpaz.com
2026-03-20,BKKA,DMK,CJM,CJM,Nok Air,DD,17:55,19:00,1ชม.5นาที,Direct,1017,"฿1,017",2026-01-26T14:43:03.955502,airpaz.com
2026-03-21,BKKA,DMK,CJM,CJM,Thai AirAsia,FD,07:25,08:30,1ชม.5นาที,Direct,930,฿930,2026-01-26T14:43:32.416027,airpaz.com
2026-03-21,BKKA,DMK,CJM,CJM,Nok Air,DD,17:55,19:00,1ชม.5นาที,Direct,1017,"฿1,017",2026-01-26T14:43:32.503576,airpaz.com
2026-03-22,BKKA,DMK,CJM,CJM,Thai AirAsia,FD,13:05,14:05,1ชม.0นาที,Direct,910,฿910,2026-01-26T14:44:02.155014,airpaz.com
2026-03-22,BKKA,DMK,CJM,CJM,Thai AirAsia,FD,07:25,08:30,1ชม.5นาที,Direct,930,฿930,2026-01-26T14:44:02.244175,airpaz.com
2026-03-23,BKKA,DMK,CJM,CJM,Thai AirAsia,FD,07:25,08:30,1ชม.5นาที,Direct,1272,"฿1,272",2026-01-26T14:44:32.004955,airpaz.com
2026-03-24,BKKA,DMK,CJM,CJM,Nok Air,DD,17:55,19:00,1ชม.5นาที,Direct,920,฿920,2026-01-26T14:45:01.257085,airpaz.com
2026-03-24,BKKA,DMK,CJM,CJM,Thai AirAsia,FD,07:25,08:30,1ชม.5นาที,Direct,930,฿930,2026-01-26T14:45:01.468514,airpaz.com
2026-03-25,BKKA,DMK,CJM,CJM,Thai AirAsia,FD,13:05,14:05,1ชม.0นาที,Direct,910,฿910,2026-01-26T14:45:30.999913,airpaz.com
2026-03-25,BKKA,DMK,CJM,CJM,Nok Air,DD,17:55,19:00,1ชม.5นาที,Direct,920,฿920,2026-01-26T14:45:31.218721,airpaz.com
2026-03-25,BKKA,DMK,CJM,CJM,Thai AirAsia,FD,07:25,08:30,1ชม.5นาที,Direct,930,฿930,2026-01-26T14:45:31.282652,airpaz.com
2026-03-26,BKKA,DMK,CJM,CJM,Nok Air,DD,17:55,19:00,1ชม.5นาที,Direct,920,฿920,2026-01-26T14:46:00.115834,airpaz.com
2026-03-26,BKKA,DMK,CJM,CJM,Thai AirAsia,FD,07:25,08:30,1ชม.5นาที,Direct,930,฿930,2026-01-26T14:46:00.178012,airpaz.com
2026-03-27,BKKA,DMK,CJM,CJM,Thai AirAsia,FD,13:05,14:05,1ชม.0นาที,Direct,910,฿910,2026-01-26T14:46:28.624332,airpaz.com
2026-03-27,BKKA,DMK,CJM,CJM,Nok Air,DD,17:55,19:00,1ชม.5นาที,Direct,1017,"฿1,017",2026-01-26T14:46:28.687051,airpaz.com
2026-03-27,BKKA,DMK,CJM,CJM,Thai AirAsia,FD,07:25,08:30,1ชม.5นาที,Direct,1370,"฿1,370",2026-01-26T14:46:28.744321,airpaz.com
2026-03-28,BKKA,DMK,CJM,CJM,Nok Air,DD,17:55,19:00,1ชม.5นาที,Direct,1017,"฿1,017",2026-01-26T14:46:58.411638,airpaz.com
2026-03-29,BKKA,DMK,CJM,CJM,Nok Air,DD,17:55,19:00,1ชม.5นาที,Direct,1017,"฿1,017",2026-01-26T14:47:01.145488,airpaz.com
2026-03-29,BKKA,DMK,CJM,CJM,Thai AirAsia,FD,07:25,08:30,1ชม.5นาที,Direct,1272,"฿1,272",2026-01-26T14:47:01.205299,airpaz.com
2026-03-30,BKKA,DMK,CJM,CJM,Thai AirAsia,FD,13:40,14:45,1ชม.5นาที,Direct,910,฿910,2026-01-26T14:47:30.261327,airpaz.com
2026-03-30,BKKA,DMK,CJM,CJM,Thai AirAsia,FD,07:25,08:30,1ชม.5นาที,Direct,930,฿930,2026-01-26T14:47:30.325859,airpaz.com
2026-03-30,BKKA,DMK,CJM,CJM,Nok Air,DD,17:55,19:00,1ชม.5นาที,Direct,1790,"฿1,790",2026-01-26T14:47:30.454696,airpaz.com
2026-03-31,BKKA,DMK,CJM,CJM,Nok Air,DD,17:55,19:00,1ชม.5นาที,Direct,920,฿920,2026-01-26T14:47:59.400947,airpaz.com
2026-03-31,BKKA,DMK,CJM,CJM,Thai AirAsia,FD,07:25,08:30,1ชม.5นาที,Direct,930,฿930,2026-01-26T14:47:59.459154,airpaz.com
2026-04-01,BKKA,DMK,CJM,CJM,Thai AirAsia,FD,13:05,14:10,1ชม.5นาที,Direct,957,฿957,2026-01-26T14:48:29.459323,airpaz.com
2026-04-01,BKKA,DMK,CJM,CJM,Nok Air,DD,17:55,19:00,1ชม.5นาที,Direct,1017,"฿1,017",2026-01-26T14:48:29.573553,airpaz.com
2026-04-01,BKKA,DMK,CJM,CJM,Thai AirAsia,FD,07:25,08:30,1ชม.5นาที,Direct,1272,"฿1,272",2026-01-26T14:48:29.679352,airpaz.com
2026-04-02,BKKA,DMK,CJM,CJM,Thai AirAsia,FD,13:05,14:10,1ชม.5นาที,Direct,957,฿957,2026-01-26T14:48:34.199557,airpaz.com
2026-04-02,BKKA,DMK,CJM,CJM,Nok Air,DD,17:55,19:00,1ชม.5นาที,Direct,1017,"฿1,017",2026-01-26T14:48:34.267262,airpaz.com
2026-04-02,BKKA,DMK,CJM,CJM,Thai AirAsia,FD,07:25,08:30,1ชม.5นาที,Direct,1272,"฿1,272",2026-01-26T14:48:34.337372,airpaz.com
2026-04-03,BKKA,DMK,CJM,CJM,Thai AirAsia,FD,13:05,14:10,1ชม.5นาที,Direct,1340,"฿1,340",2026-01-26T14:49:02.826699,airpaz.com
2026-04-03,BKKA,DMK,CJM,CJM,Thai AirAsia,FD,07:25,08:30,1ชม.5นาที,Direct,1370,"฿1,370",2026-01-26T14:49:02.893283,airpaz.com
2026-04-03,BKKA,DMK,CJM,CJM,Nok Air,DD,17:55,19:00,1ชม.5นาที,Direct,1984,"฿1,984",2026-01-26T14:49:02.957426,airpaz.com
2026-04-04,BKKA,DMK,CJM,CJM,Nok Air,DD,17:55,19:00,1ชม.5นาที,Direct,1790,"฿1,790",2026-01-26T14:49:32.325293,airpaz.com
2026-04-04,BKKA,DMK,CJM,CJM,Thai AirAsia,FD,07:25,08:30,1ชม.5นาที,Direct,1870,"฿1,870",2026-01-26T14:49:32.393289,airpaz.com
2026-04-05,BKKA,DMK,CJM,CJM,Nok Air,DD,17:55,19:00,1ชม.5นาที,Direct,1790,"฿1,790",2026-01-26T14:50:01.892799,airpaz.com
2026-04-05,BKKA,DMK,CJM,CJM,Thai AirAsia,FD,07:25,08:30,1ชม.5นาที,Direct,1870,"฿1,870",2026-01-26T14:50:01.965321,airpaz.com
2026-04-06,BKKA,DMK,CJM,CJM,Thai AirAsia,FD,13:40,14:45,1ชม.5นาที,Direct,957,฿957,2026-01-26T14:50:31.890548,airpaz.com
2026-04-06,BKKA,DMK,CJM,CJM,Thai AirAsia,FD,07:25,08:30,1ชม.5นาที,Direct,1370,"฿1,370",2026-01-26T14:50:32.004215,airpaz.com
2026-04-06,BKKA,DMK,CJM,CJM,Nok Air,DD,17:55,19:00,1ชม.5นาที,Direct,1984,"฿1,984",2026-01-26T14:50:32.071854,airpaz.com
2026-04-07,BKKA,DMK,CJM,CJM,Nok Air,DD,17:55,19:00,1ชม.5นาที,Direct,1017,"฿1,017",2026-01-26T14:51:01.670280,airpaz.com
2026-04-07,BKKA,DMK,CJM,CJM,Thai AirAsia,FD,07:25,08:30,1ชม.5นาที,Direct,1870,"฿1,870",2026-01-26T14:51:01.731011,airpaz.com
2026-04-08,BKKA,DMK,CJM,CJM,Thai AirAsia,FD,13:05,14:10,1ชม.5นาที,Direct,1340,"฿1,340",2026-01-26T14:51:31.162079,airpaz.com
2026-04-08,BKKA,DMK,CJM,CJM,Thai AirAsia,FD,07:25,08:30,1ชม.5นาที,Direct,1370,"฿1,370",2026-01-26T14:51:31.231827,airpaz.com
2026-04-08,BKKA,DMK,CJM,CJM,Nok Air,DD,17:55,19:00,1ชม.5นาที,Direct,1597,"฿1,597",2026-01-26T14:51:31.294873,airpaz.com
2026-04-09,BKKA,DMK,CJM,CJM,Thai AirAsia,FD,07:25,08:30,1ชม.5นาที,Direct,1370,"฿1,370",2026-01-26T14:52:00.706833,airpaz.com
2026-04-09,BKKA,DMK,CJM,CJM,Nok Air,DD,17:55,19:00,1ชม.5นาที,Direct,1984,"฿1,984",2026-01-26T14:52:00.769994,airpaz.com
2026-04-10,BKKA,DMK,CJM,CJM,Thai AirAsia,FD,13:05,14:10,1ชม.5นาที,Direct,1830,"฿1,830",2026-01-26T14:52:29.894004,airpaz.com
2026-04-10,BKKA,DMK,CJM,CJM,Thai AirAsia,FD,07:25,08:30,1ชม.5นาที,Direct,1870,"฿1,870",2026-01-26T14:52:30.003481,airpaz.com
2026-04-10,BKKA,DMK,CJM,CJM,Nok Air,DD,17:55,19:00,1ชม.5นาที,Direct,2226,"฿2,226",2026-01-26T14:52:30.080287,airpaz.com
2026-04-11,BKKA,DMK,CJM,CJM,Nok Air,DD,17:55,19:00,1ชม.5นาที,Direct,1984,"฿1,984",2026-01-26T14:54:02.418058,airpaz.com
2026-04-11,BKKA,DMK,CJM,CJM,Thai AirAsia,FD,07:25,08:30,1ชม.5นาที,Direct,2085,"฿2,085",2026-01-26T14:54:02.480542,airpaz.com
2026-04-12,BKKA,DMK,CJM,CJM,Nok Air,DD,17:55,19:00,1ชม.5นาที,Direct,1790,"฿1,790",2026-01-26T14:54:31.205855,airpaz.com
2026-04-12,BKKA,DMK,CJM,CJM,Thai AirAsia,FD,07:25,08:30,1ชม.5นาที,Direct,1870,"฿1,870",2026-01-26T14:54:31.260962,airpaz.com
2026-04-13,BKKA,DMK,CJM,CJM,Thai AirAsia,FD,13:40,14:45,1ชม.5นาที,Direct,1244,"฿1,244",2026-01-26T14:55:00.894048,airpaz.com
2026-04-13,BKKA,DMK,CJM,CJM,Nok Air,DD,17:55,19:00,1ชม.5นาที,Direct,1790,"฿1,790",2026-01-26T14:55:00.939716,airpaz.com
2026-04-13,BKKA,DMK,CJM,CJM,Thai AirAsia,FD,07:25,08:30,1ชม.5นาที,Direct,1870,"฿1,870",2026-01-26T14:55:00.983448,airpaz.com
2026-04-14,BKKA,DMK,CJM,CJM,Thai AirAsia,FD,07:25,08:30,1ชม.5นาที,Direct,1370,"฿1,370",2026-01-26T14:55:29.441235,airpaz.com
2026-04-14,BKKA,DMK,CJM,CJM,Nok Air,DD,17:55,19:00,1ชม.5นาที,Direct,1790,"฿1,790",2026-01-26T14:55:29.484281,airpaz.com
2026-04-15,BKKA,DMK,CJM,CJM,Thai AirAsia,FD,13:05,14:10,1ชม.5นาที,Direct,1340,"฿1,340",2026-01-26T14:55:57.604544,airpaz.com
2026-04-15,BKKA,DMK,CJM,CJM,Thai AirAsia,FD,07:25,08:30,1ชม.5นาที,Direct,1370,"฿1,370",2026-01-26T14:55:57.667933,airpaz.com
2026-04-15,BKKA,DMK,CJM,CJM,Nok Air,DD,17:55,19:00,1ชม.5นาที,Direct,1790,"฿1,790",2026-01-26T14:55:57.710379,airpaz.com
2026-04-16,BKKA,DMK,CJM,CJM,Thai AirAsia,FD,07:25,08:30,1ชม.5นาที,Direct,1370,"฿1,370",2026-01-26T14:56:26.101117,airpaz.com
2026-04-16,BKKA,DMK,CJM,CJM,Nok Air,DD,17:55,19:00,1ชม.5นาที,Direct,1790,"฿1,790",2026-01-26T14:56:26.143296,airpaz.com
2026-04-17,BKKA,DMK,CJM,CJM,Thai AirAsia,FD,13:05,14:10,1ชม.5นาที,Direct,1340,"฿1,340",2026-01-26T14:56:54.396722,airpaz.com
2026-04-17,BKKA,DMK,CJM,CJM,Thai AirAsia,FD,07:25,08:30,1ชม.5นาที,Direct,1370,"฿1,370",2026-01-26T14:56:54.437717,airpaz.com
2026-04-17,BKKA,DMK,CJM,CJM,Nok Air,DD,17:55,19:00,1ชม.5นาที,Direct,1984,"฿1,984",2026-01-26T14:56:54.479308,airpaz.com
2026-04-18,BKKA,DMK,CJM,CJM,Thai AirAsia,FD,07:25,08:30,1ชม.5นาที,Direct,1370,"฿1,370",2026-01-26T14:57:22.817184,airpaz.com
2026-04-18,BKKA,DMK,CJM,CJM,Nok Air,DD,17:55,19:00,1ชม.5นาที,Direct,1984,"฿1,984",2026-01-26T14:57:22.857132,airpaz.com
2026-04-19,BKKA,DMK,CJM,CJM,Thai AirAsia,FD,07:25,08:30,1ชม.5นาที,Direct,1370,"฿1,370",2026-01-26T14:57:51.256310,airpaz.com
2026-04-19,BKKA,DMK,CJM,CJM,Nok Air,DD,17:55,19:00,1ชม.5นาที,Direct,1984,"฿1,984",2026-01-26T14:57:51.297205,airpaz.com
2026-04-20,BKKA,DMK,CJM,CJM,Thai AirAsia,FD,13:40,14:45,1ชม.5นาที,Direct,957,฿957,2026-01-26T14:58:20.297925,airpaz.com
2026-04-20,BKKA,DMK,CJM,CJM,Thai AirAsia,FD,07:25,08:30,1ชม.5นาที,Direct,979,฿979,2026-01-26T14:58:20.338350,airpaz.com
2026-04-20,BKKA,DMK,CJM,CJM,Nok Air,DD,17:55,19:00,1ชม.5นาที,Direct,1017,"฿1,017",2026-01-26T14:58:20.397255,airpaz.com
2026-04-21,BKKA,DMK,CJM,CJM,Thai AirAsia,FD,07:25,08:30,1ชม.5นาที,Direct,930,฿930,2026-01-26T14:58:48.424243,airpaz.com
2026-04-21,BKKA,DMK,CJM,CJM,Nok Air,DD,17:55,19:00,1ชม.5นาที,Direct,1017,"฿1,017",2026-01-26T14:58:48.464621,airpaz.com
2026-04-22,BKKA,DMK,CJM,CJM,Thai AirAsia,FD,13:05,14:10,1ชม.5นาที,Direct,910,฿910,2026-01-26T14:59:17.521634,airpaz.com
2026-04-22,BKKA,DMK,CJM,CJM,Thai AirAsia,FD,07:25,08:30,1ชม.5นาที,Direct,930,฿930,2026-01-26T14:59:17.562262,airpaz.com
2026-04-22,BKKA,DMK,CJM,CJM,Nok Air,DD,17:55,19:00,1ชม.5นาที,Direct,1017,"฿1,017",2026-01-26T14:59:17.602103,airpaz.com
2026-04-23,BKKA,DMK,CJM,CJM,Thai AirAsia,FD,07:25,08:30,1ชม.5นาที,Direct,930,฿930,2026-01-26T14:59:45.886810,airpaz.com
2026-04-23,BKKA,DMK,CJM,CJM,Nok Air,DD,17:55,19:00,1ชม.5นาที,Direct,1017,"฿1,017",2026-01-26T14:59:45.931192,airpaz.com
2026-04-24,BKKA,DMK,CJM,CJM,Thai AirAsia,FD,13:05,14:10,1ชม.5นาที,Direct,910,฿910,2026-01-26T15:00:14.952369,airpaz.com
2026-04-24,BKKA,DMK,CJM,CJM,Thai AirAsia,FD,07:25,08:30,1ชม.5นาที,Direct,930,฿930,2026-01-26T15:00:15.007906,airpaz.com
2026-04-25,BKKA,DMK,CJM,CJM,Thai AirAsia,FD,13:05,14:10,1ชม.5นาที,Direct,910,฿910,2026-01-26T15:00:19.895096,airpaz.com
2026-04-25,BKKA,DMK,CJM,CJM,Thai AirAsia,FD,07:25,08:30,1ชม.5นาที,Direct,930,฿930,2026-01-26T15:00:19.934907,airpaz.com
2026-04-25,BKKA,DMK,CJM,CJM,Nok Air,DD,17:55,19:00,1ชม.5นาที,Direct,1017,"฿1,017",2026-01-26T15:00:19.974925,airpaz.com
2026-04-26,BKKA,DMK,CJM,CJM,Thai AirAsia,FD,07:25,08:30,1ชม.5นาที,Direct,930,฿930,2026-01-26T15:00:49.130291,airpaz.com
2026-04-26,BKKA,DMK,CJM,CJM,Nok Air,DD,17:55,19:00,1ชม.5นาที,Direct,1017,"฿1,017",2026-01-26T15:00:49.171594,airpaz.com
2026-04-27,BKKA,DMK,CJM,CJM,Thai AirAsia,FD,13:40,14:45,1ชม.5นาที,Direct,910,฿910,2026-01-26T15:01:18.025046,airpaz.com
2026-04-27,BKKA,DMK,CJM,CJM,Thai AirAsia,FD,07:25,08:30,1ชม.5นาที,Direct,930,฿930,2026-01-26T15:01:18.065320,airpaz.com
2026-04-27,BKKA,DMK,CJM,CJM,Nok Air,DD,17:55,19:00,1ชม.5นาที,Direct,1017,"฿1,017",2026-01-26T15:01:18.106216,airpaz.com
2026-04-28,BKKA,DMK,CJM,CJM,Thai AirAsia,FD,07:25,08:30,1ชม.5นาที,Direct,930,฿930,2026-01-26T15:01:46.340594,airpaz.com
2026-04-28,BKKA,DMK,CJM,CJM,Nok Air,DD,17:55,19:00,1ชม.5นาที,Direct,1017,"฿1,017",2026-01-26T15:01:46.381605,airpaz.com
2026-04-29,BKKA,DMK,CJM,CJM,Thai AirAsia,FD,13:05,14:10,1ชม.5นาที,Direct,910,฿910,2026-01-26T15:02:16.059807,airpaz.com
2026-04-29,BKKA,DMK,CJM,CJM,Thai AirAsia,FD,07:25,08:30,1ชม.5นาที,Direct,930,฿930,2026-01-26T15:02:16.107563,airpaz.com
2026-04-29,BKKA,DMK,CJM,CJM,Nok Air,DD,17:55,19:00,1ชม.5นาที,Direct,1017,"฿1,017",2026-01-26T15:02:16.153610,airpaz.com
2026-04-30,BKKA,DMK,CJM,CJM,Thai AirAsia,FD,13:05,14:10,1ชม.5นาที,Direct,910,฿910,2026-01-26T15:02:18.510963,airpaz.com
2026-04-30,BKKA,DMK,CJM,CJM,Thai AirAsia,FD,07:25,08:30,1ชม.5นาที,Direct,930,฿930,2026-01-26T15:02:18.552259,airpaz.com
2026-04-30,BKKA,DMK,CJM,CJM,Nok Air,DD,17:55,19:00,1ชม.5นาที,Direct,1017,"฿1,017",2026-01-26T15:02:18.593767,airpaz.com
2026-05-01,BKKA,DMK,CJM,CJM,Thai AirAsia,FD,13:05,14:10,1ชม.5นาที,Direct,1244,"฿1,244",2026-01-26T15:02:46.812919,airpaz.com
2026-05-01,BKKA,DMK,CJM,CJM,Thai AirAsia,FD,07:25,08:30,1ชม.5นาที,Direct,1870,"฿1,870",2026-01-26T15:02:46.851805,airpaz.com
2026-05-01,BKKA,DMK,CJM,CJM,Nok Air,DD,17:55,19:00,1ชม.5นาที,Direct,1984,"฿1,984",2026-01-26T15:02:46.891468,airpaz.com
2026-05-02,BKKA,DMK,CJM,CJM,Thai AirAsia,FD,07:25,08:30,1ชม.5นาที,Direct,1370,"฿1,370",2026-01-26T15:03:15.975521,airpaz.com
2026-05-03,BKKA,DMK,CJM,CJM,Thai AirAsia,FD,07:25,08:30,1ชม.5นาที,Direct,1272,"฿1,272",2026-01-26T15:03:45.444190,airpaz.com
2026-05-03,BKKA,DMK,CJM,CJM,Nok Air,DD,17:55,19:00,1ชม.5นาที,Direct,1790,"฿1,790",2026-01-26T15:03:45.505280,airpaz.com
2026-05-04,BKKA,DMK,CJM,CJM,Thai AirAsia,FD,13:40,14:45,1ชม.5นาที,Direct,957,฿957,2026-01-26T15:04:14.450944,airpaz.com
2026-05-04,BKKA,DMK,CJM,CJM,Thai AirAsia,FD,07:25,08:30,1ชม.5นาที,Direct,979,฿979,2026-01-26T15:04:14.491520,airpaz.com
2026-05-04,BKKA,DMK,CJM,CJM,Nok Air,DD,17:55,19:00,1ชม.5นาที,Direct,1790,"฿1,790",2026-01-26T15:04:14.531625,airpaz.com
2026-05-05,BKKA,DMK,CJM,CJM,Nok Air,DD,17:55,19:00,1ชม.5นาที,Direct,920,฿920,2026-01-26T15:04:42.686089,airpaz.com
2026-05-05,BKKA,DMK,CJM,CJM,Thai AirAsia,FD,07:25,08:30,1ชม.5นาที,Direct,930,฿930,2026-01-26T15:04:42.732290,airpaz.com
2026-05-06,BKKA,DMK,CJM,CJM,Thai AirAsia,FD,13:05,14:10,1ชม.5นาที,Direct,910,฿910,2026-01-26T15:06:19.224914,airpaz.com
2026-05-06,BKKA,DMK,CJM,CJM,Thai AirAsia,FD,07:25,08:30,1ชม.5นาที,Direct,930,฿930,2026-01-26T15:06:19.291135,airpaz.com
2026-05-07,BKKA,DMK,CJM,CJM,Nok Air,DD,17:55,19:00,1ชม.5นาที,Direct,1017,"฿1,017",2026-01-26T15:06:48.293545,airpaz.com
2026-05-07,BKKA,DMK,CJM,CJM,Thai AirAsia,FD,07:25,08:30,1ชม.5นาที,Direct,1272,"฿1,272",2026-01-26T15:06:48.334857,airpaz.com
2026-05-08,BKKA,DMK,CJM,CJM,Thai AirAsia,FD,13:05,14:10,1ชม.5นาที,Direct,910,฿910,2026-01-26T15:07:17.288235,airpaz.com
2026-05-08,BKKA,DMK,CJM,CJM,Thai AirAsia,FD,07:25,08:30,1ชม.5นาที,Direct,930,฿930,2026-01-26T15:07:17.328431,airpaz.com
2026-05-08,BKKA,DMK,CJM,CJM,Nok Air,DD,17:55,19:00,1ชม.5นาที,Direct,1017,"฿1,017",2026-01-26T15:07:17.375975,airpaz.com
2026-05-09,BKKA,DMK,CJM,CJM,Thai AirAsia,FD,07:25,08:30,1ชม.5นาที,Direct,930,฿930,2026-01-26T15:07:45.466239,airpaz.com
2026-05-09,BKKA,DMK,CJM,CJM,Nok Air,DD,17:55,19:00,1ชม.5นาที,Direct,1017,"฿1,017",2026-01-26T15:07:45.506892,airpaz.com
2026-05-10,BKKA,DMK,CJM,CJM,Thai AirAsia,FD,07:25,08:30,1ชม.5นาที,Direct,930,฿930,2026-01-26T15:08:14.475152,airpaz.com
2026-05-11,BKKA,DMK,CJM,CJM,Thai AirAsia,FD,07:25,08:30,1ชม.5นาที,Direct,930,฿930,2026-01-26T15:08:18.449226,airpaz.com
2026-05-11,BKKA,DMK,CJM,CJM,Nok Air,DD,17:55,19:00,1ชม.5นาที,Direct,1017,"฿1,017",2026-01-26T15:08:18.494162,airpaz.com
2026-05-12,BKKA,DMK,CJM,CJM,Nok Air,DD,17:55,19:00,1ชม.5นาที,Direct,920,฿920,2026-01-26T15:08:47.448649,airpaz.com
2026-05-12,BKKA,DMK,CJM,CJM,Thai AirAsia,FD,07:25,08:30,1ชม.5นาที,Direct,930,฿930,2026-01-26T15:08:47.488757,airpaz.com
2026-05-13,BKKA,DMK,CJM,CJM,Thai AirAsia,FD,13:05,14:10,1ชม.5นาที,Direct,910,฿910,2026-01-26T15:09:16.386245,airpaz.com
2026-05-13,BKKA,DMK,CJM,CJM,Nok Air,DD,17:55,19:00,1ชม.5นาที,Direct,920,฿920,2026-01-26T15:09:16.426626,airpaz.com
2026-05-13,BKKA,DMK,CJM,CJM,Thai AirAsia,FD,07:25,08:30,1ชม.5นาที,Direct,930,฿930,2026-01-26T15:09:16.485225,airpaz.com
2026-05-14,BKKA,DMK,CJM,CJM,Thai AirAsia,FD,07:25,08:30,1ชม.5นาที,Direct,930,฿930,2026-01-26T15:09:44.605284,airpaz.com
2026-05-14,BKKA,DMK,CJM,CJM,Nok Air,DD,17:55,19:00,1ชม.5นาที,Direct,1017,"฿1,017",2026-01-26T15:09:44.646241,airpaz.com
2026-05-15,BKKA,DMK,CJM,CJM,Thai AirAsia,FD,13:05,14:10,1ชม.5นาที,Direct,910,฿910,2026-01-26T15:10:13.492938,airpaz.com
2026-05-15,BKKA,DMK,CJM,CJM,Thai AirAsia,FD,07:25,08:30,1ชม.5นาที,Direct,930,฿930,2026-01-26T15:10:13.532803,airpaz.com
2026-05-15,BKKA,DMK,CJM,CJM,Nok Air,DD,17:55,19:00,1ชม.5นาที,Direct,1017,"฿1,017",2026-01-26T15:10:13.572914,airpaz.com
2026-05-16,BKKA,DMK,CJM,CJM,Thai AirAsia,FD,07:25,08:30,1ชม.5นาที,Direct,930,฿930,2026-01-26T15:10:41.733009,airpaz.com
2026-05-16,BKKA,DMK,CJM,CJM,Nok Air,DD,17:55,19:00,1ชม.5นาที,Direct,1017,"฿1,017",2026-01-26T15:10:41.774580,airpaz.com
2026-05-17,BKKA,DMK,CJM,CJM,Thai AirAsia,FD,07:25,08:30,1ชม.5นาที,Direct,930,฿930,2026-01-26T15:11:10.014150,airpaz.com
2026-05-17,BKKA,DMK,CJM,CJM,Nok Air,DD,17:55,19:00,1ชม.5นาที,Direct,1017,"฿1,017",2026-01-26T15:11:10.054305,airpaz.com
2026-05-18,BKKA,DMK,CJM,CJM,Thai AirAsia,FD,13:40,14:45,1ชม.5นาที,Direct,910,฿910,2026-01-26T15:11:39.229781,airpaz.com
2026-05-18,BKKA,DMK,CJM,CJM,Thai AirAsia,FD,07:25,08:30,1ชม.5นาที,Direct,930,฿930,2026-01-26T15:11:39.269863,airpaz.com
2026-05-18,BKKA,DMK,CJM,CJM,Nok Air,DD,17:55,19:00,1ชม.5นาที,Direct,1017,"฿1,017",2026-01-26T15:11:39.335952,airpaz.com
2026-05-19,BKKA,DMK,CJM,CJM,Nok Air,DD,17:55,19:00,1ชม.5นาที,Direct,920,฿920,2026-01-26T15:12:07.645138,airpaz.com
2026-05-19,BKKA,DMK,CJM,CJM,Thai AirAsia,FD,07:25,08:30,1ชม.5นาที,Direct,930,฿930,2026-01-26T15:12:07.733238,airpaz.com
2026-05-20,BKKA,DMK,CJM,CJM,Thai AirAsia,FD,13:05,14:10,1ชม.5นาที,Direct,910,฿910,2026-01-26T15:12:36.704964,airpaz.com
2026-05-20,BKKA,DMK,CJM,CJM,Nok Air,DD,17:55,19:00,1ชม.5นาที,Direct,920,฿920,2026-01-26T15:12:36.745911,airpaz.com
2026-05-20,BKKA,DMK,CJM,CJM,Thai AirAsia,FD,07:25,08:30,1ชม.5นาที,Direct,930,฿930,2026-01-26T15:12:36.794119,airpaz.com
2026-05-21,BKKA,DMK,CJM,CJM,Thai AirAsia,FD,07:25,08:30,1ชม.5นาที,Direct,930,฿930,2026-01-26T15:13:04.933562,airpaz.com
2026-05-22,BKKA,DMK,CJM,CJM,Thai AirAsia,FD,07:25,08:30,1ชม.5นาที,Direct,930,฿930,2026-01-26T15:13:10.797163,airpaz.com
2026-05-22,BKKA,DMK,CJM,CJM,Nok Air,DD,17:55,19:00,1ชม.5นาที,Direct,1017,"฿1,017",2026-01-26T15:13:10.837874,airpaz.com
2026-05-23,BKKA,DMK,CJM,CJM,Thai AirAsia,FD,07:25,08:30,1ชม.5นาที,Direct,930,฿930,2026-01-26T15:13:40.160293,airpaz.com
2026-05-23,BKKA,DMK,CJM,CJM,Nok Air,DD,17:55,19:00,1ชม.5นาที,Direct,1017,"฿1,017",2026-01-26T15:13:40.201044,airpaz.com
2026-05-24,BKKA,DMK,CJM,CJM,Thai AirAsia,FD,07:25,08:30,1ชม.5นาที,Direct,930,฿930,2026-01-26T15:14:09.803864,airpaz.com
2026-05-24,BKKA,DMK,CJM,CJM,Nok Air,DD,17:55,19:00,1ชม.5นาที,Direct,1017,"฿1,017",2026-01-26T15:14:09.861877,airpaz.com
2026-05-25,BKKA,DMK,CJM,CJM,Thai AirAsia,FD,13:40,14:45,1ชม.5นาที,Direct,910,฿910,2026-01-26T15:14:38.708522,airpaz.com
2026-05-25,BKKA,DMK,CJM,CJM,Thai AirAsia,FD,07:25,08:30,1ชม.5นาที,Direct,930,฿930,2026-01-26T15:14:38.767181,airpaz.com
2026-05-25,BKKA,DMK,CJM,CJM,Nok Air,DD,17:55,19:00,1ชม.5นาที,Direct,1017,"฿1,017",2026-01-26T15:14:38.808230,airpaz.com
2026-05-26,BKKA,DMK,CJM,CJM,Nok Air,DD,17:55,19:00,1ชม.5นาที,Direct,920,฿920,2026-01-26T15:15:06.988362,airpaz.com
2026-05-26,BKKA,DMK,CJM,CJM,Thai AirAsia,FD,07:25,08:30,1ชม.5นาที,Direct,930,฿930,2026-01-26T15:15:07.029462,airpaz.com
2026-05-27,BKKA,DMK,CJM,CJM,Thai AirAsia,FD,13:05,14:10,1ชม.5นาที,Direct,910,฿910,2026-01-26T15:15:36.215917,airpaz.com
2026-05-27,BKKA,DMK,CJM,CJM,Thai AirAsia,FD,07:25,08:30,1ชม.5นาที,Direct,930,฿930,2026-01-26T15:15:36.265036,airpaz.com
2026-05-28,BKKA,DMK,CJM,CJM,Thai AirAsia,FD,07:25,08:30,1ชม.5นาที,Direct,930,฿930,2026-01-26T15:16:05.422218,airpaz.com
2026-05-28,BKKA,DMK,CJM,CJM,Nok Air,DD,17:55,19:00,1ชม.5นาที,Direct,1017,"฿1,017",2026-01-26T15:16:05.462555,airpaz.com
2026-05-29,BKKA,DMK,CJM,CJM,Thai AirAsia,FD,13:05,14:10,1ชม.5นาที,Direct,910,฿910,2026-01-26T15:16:34.305473,airpaz.com
2026-05-29,BKKA,DMK,CJM,CJM,Thai AirAsia,FD,07:25,08:30,1ชม.5นาที,Direct,930,฿930,2026-01-26T15:16:34.345002,airpaz.com
2026-05-29,BKKA,DMK,CJM,CJM,Nok Air,DD,17:55,19:00,1ชม.5นาที,Direct,2226,"฿2,226",2026-01-26T15:16:34.385214,airpaz.com
2026-05-30,BKKA,DMK,CJM,CJM,Thai AirAsia,FD,07:25,08:30,1ชม.5นาที,Direct,1870,"฿1,870",2026-01-26T15:17:02.509687,airpaz.com
2026-05-30,BKKA,DMK,CJM,CJM,Nok Air,DD,17:55,19:00,1ชม.5นาที,Direct,1984,"฿1,984",2026-01-26T15:17:02.550627,airpaz.com
2026-05-31,BKKA,DMK,CJM,CJM,Thai AirAsia,FD,07:25,08:30,1ชม.5นาที,Direct,1272,"฿1,272",2026-01-26T15:18:15.427369,airpaz.com
2026-05-31,BKKA,DMK,CJM,CJM,Nok Air,DD,17:55,19:00,1ชม.5นาที,Direct,1790,"฿1,790",2026-01-26T15:18:15.468212,airpaz.com
2026-06-01,BKKA,DMK,CJM,CJM,Thai AirAsia,FD,13:40,14:45,1ชม.5นาที,Direct,1830,"฿1,830",2026-01-26T15:18:44.450856,airpaz.com
2026-06-01,BKKA,DMK,CJM,CJM,Thai AirAsia,FD,07:25,08:30,1ชม.5นาที,Direct,1870,"฿1,870",2026-01-26T15:18:44.491113,airpaz.com
2026-06-01,BKKA,DMK,CJM,CJM,Nok Air,DD,17:55,19:00,1ชม.5นาที,Direct,1984,"฿1,984",2026-01-26T15:18:44.532276,airpaz.com
2026-06-02,BKKA,DMK,CJM,CJM,Nok Air,DD,17:55,19:00,1ชม.5นาที,Direct,920,฿920,2026-01-26T15:19:12.651492,airpaz.com
2026-06-02,BKKA,DMK,CJM,CJM,Thai AirAsia,FD,07:25,08:30,1ชม.5นาที,Direct,1870,"฿1,870",2026-01-26T15:19:12.692432,airpaz.com
2026-06-03,BKKA,DMK,CJM,CJM,Nok Air,DD,17:55,19:00,1ชม.5นาที,Direct,920,฿920,2026-01-26T15:19:41.600819,airpaz.com
2026-06-03,BKKA,DMK,CJM,CJM,Thai AirAsia,FD,13:05,14:10,1ชม.5นาที,Direct,1830,"฿1,830",2026-01-26T15:19:41.658828,airpaz.com
2026-06-03,BKKA,DMK,CJM,CJM,Thai AirAsia,FD,07:25,08:30,1ชม.5นาที,Direct,1870,"฿1,870",2026-01-26T15:19:41.697352,airpaz.com
2026-06-04,BKKA,DMK,CJM,CJM,Nok Air,DD,17:55,19:00,1ชม.5นาที,Direct,1790,"฿1,790",2026-01-26T15:20:09.702842,airpaz.com
2026-06-04,BKKA,DMK,CJM,CJM,Thai AirAsia,FD,07:25,08:30,1ชม.5นาที,Direct,1870,"฿1,870",2026-01-26T15:20:09.744320,airpaz.com
2026-06-05,BKKA,DMK,CJM,CJM,Thai AirAsia,FD,13:05,14:10,1ชม.5นาที,Direct,1830,"฿1,830",2026-01-26T15:20:37.922571,airpaz.com
2026-06-05,BKKA,DMK,CJM,CJM,Thai AirAsia,FD,07:25,08:30,1ชม.5นาที,Direct,1870,"฿1,870",2026-01-26T15:20:37.963407,airpaz.com
2026-06-05,BKKA,DMK,CJM,CJM,Nok Air,DD,17:55,19:00,1ชม.5นาที,Direct,1984,"฿1,984",2026-01-26T15:20:38.011998,airpaz.com
2026-06-06,BKKA,DMK,CJM,CJM,Thai AirAsia,FD,07:25,08:30,1ชม.5นาที,Direct,1870,"฿1,870",2026-01-26T15:21:06.177558,airpaz.com
2026-06-06,BKKA,DMK,CJM,CJM,Nok Air,DD,17:55,19:00,1ชม.5นาที,Direct,1984,"฿1,984",2026-01-26T15:21:06.215843,airpaz.com
2026-06-07,BKKA,DMK,CJM,CJM,Nok Air,DD,17:55,19:00,1ชม.5นาที,Direct,1790,"฿1,790",2026-01-26T15:21:35.233002,airpaz.com
2026-06-07,BKKA,DMK,CJM,CJM,Thai AirAsia,FD,07:25,08:30,1ชม.5นาที,Direct,1870,"฿1,870",2026-01-26T15:21:35.293095,airpaz.com
2026-06-08,BKKA,DMK,CJM,CJM,Thai AirAsia,FD,13:40,14:45,1ชม.5นาที,Direct,910,฿910,2026-01-26T15:22:04.527905,airpaz.com
2026-06-08,BKKA,DMK,CJM,CJM,Thai AirAsia,FD,07:25,08:30,1ชม.5นาที,Direct,930,฿930,2026-01-26T15:22:04.565837,airpaz.com
2026-06-08,BKKA,DMK,CJM,CJM,Nok Air,DD,17:55,19:00,1ชม.5นาที,Direct,1017,"฿1,017",2026-01-26T15:22:04.604432,airpaz.com
2026-06-09,BKKA,DMK,CJM,CJM,Nok Air,DD,17:55,19:00,1ชม.5นาที,Direct,920,฿920,2026-01-26T15:22:33.130667,airpaz.com
2026-06-09,BKKA,DMK,CJM,CJM,Thai AirAsia,FD,07:25,08:30,1ชม.5นาที,Direct,930,฿930,2026-01-26T15:22:33.171334,airpaz.com
2026-06-10,BKKA,DMK,CJM,CJM,Thai AirAsia,FD,13:05,14:10,1ชม.5นาที,Direct,910,฿910,2026-01-26T15:23:01.997403,airpaz.com
2026-06-10,BKKA,DMK,CJM,CJM,Nok Air,DD,17:55,19:00,1ชม.5นาที,Direct,920,฿920,2026-01-26T15:23:02.038512,airpaz.com
2026-06-10,BKKA,DMK,CJM,CJM,Thai AirAsia,FD,07:25,08:30,1ชม.5นาที,Direct,930,฿930,2026-01-26T15:23:02.078783,airpaz.com
2026-06-11,BKKA,DMK,CJM,CJM,Thai AirAsia,FD,07:25,08:30,1ชม.5นาที,Direct,930,฿930,2026-01-26T15:23:30.238460,airpaz.com
2026-06-11,BKKA,DMK,CJM,CJM,Nok Air,DD,17:55,19:00,1ชม.5นาที,Direct,1017,"฿1,017",2026-01-26T15:23:30.280169,airpaz.com
2026-06-12,BKKA,DMK,CJM,CJM,Thai AirAsia,FD,13:05,14:10,1ชม.5นาที,Direct,910,฿910,2026-01-26T15:23:59.450876,airpaz.com
2026-06-12,BKKA,DMK,CJM,CJM,Thai AirAsia,FD,07:25,08:30,1ชม.5นาที,Direct,930,฿930,2026-01-26T15:23:59.491201,airpaz.com
2026-06-12,BKKA,DMK,CJM,CJM,Nok Air,DD,17:55,19:00,1ชม.5นาที,Direct,1017,"฿1,017",2026-01-26T15:23:59.532284,airpaz.com
2026-06-13,BKKA,DMK,CJM,CJM,Thai AirAsia,FD,07:25,08:30,1ชม.5นาที,Direct,930,฿930,2026-01-26T15:24:27.648263,airpaz.com
2026-06-13,BKKA,DMK,CJM,CJM,Nok Air,DD,17:55,19:00,1ชม.5นาที,Direct,1017,"฿1,017",2026-01-26T15:24:27.689563,airpaz.com
2026-06-14,BKKA,DMK,CJM,CJM,Thai AirAsia,FD,07:25,08:30,1ชม.5นาที,Direct,930,฿930,2026-01-26T15:24:56.609756,airpaz.com
2026-06-14,BKKA,DMK,CJM,CJM,Nok Air,DD,17:55,19:00,1ชม.5นาที,Direct,1017,"฿1,017",2026-01-26T15:24:56.649591,airpaz.com
2026-06-15,BKKA,DMK,CJM,CJM,Thai AirAsia,FD,13:40,14:45,1ชม.5นาที,Direct,910,฿910,2026-01-26T15:25:24.723084,airpaz.com
2026-06-15,BKKA,DMK,CJM,CJM,Thai AirAsia,FD,07:25,08:30,1ชม.5นาที,Direct,930,฿930,2026-01-26T15:25:24.761861,airpaz.com
2026-06-15,BKKA,DMK,CJM,CJM,Nok Air,DD,17:55,19:00,1ชม.5นาที,Direct,1017,"฿1,017",2026-01-26T15:25:24.800897,airpaz.com
2026-06-16,BKKA,DMK,CJM,CJM,Nok Air,DD,17:55,19:00,1ชม.5นาที,Direct,920,฿920,2026-01-26T15:25:52.939630,airpaz.com
2026-06-16,BKKA,DMK,CJM,CJM,Thai AirAsia,FD,07:25,08:30,1ชม.5นาที,Direct,930,฿930,2026-01-26T15:25:52.979737,airpaz.com
2026-06-17,BKKA,DMK,CJM,CJM,Thai AirAsia,FD,13:05,14:10,1ชม.5นาที,Direct,910,฿910,2026-01-26T15:26:21.911857,airpaz.com
2026-06-17,BKKA,DMK,CJM,CJM,Nok Air,DD,17:55,19:00,1ชม.5นาที,Direct,920,฿920,2026-01-26T15:26:21.953097,airpaz.com
2026-06-17,BKKA,DMK,CJM,CJM,Thai AirAsia,FD,07:25,08:30,1ชม.5นาที,Direct,930,฿930,2026-01-26T15:26:21.990969,airpaz.com
2026-06-18,BKKA,DMK,CJM,CJM,Thai AirAsia,FD,07:25,08:30,1ชม.5นาที,Direct,930,฿930,2026-01-26T15:26:50.231192,airpaz.com
2026-06-18,BKKA,DMK,CJM,CJM,Nok Air,DD,17:55,19:00,1ชม.5นาที,Direct,1017,"฿1,017",2026-01-26T15:26:50.271804,airpaz.com
2026-06-19,BKKA,DMK,CJM,CJM,Thai AirAsia,FD,13:05,14:10,1ชม.5นาที,Direct,910,฿910,2026-01-26T15:27:19.196874,airpaz.com
2026-06-19,BKKA,DMK,CJM,CJM,Thai AirAsia,FD,07:25,08:30,1ชม.5นาที,Direct,930,฿930,2026-01-26T15:27:19.237687,airpaz.com
2026-06-19,BKKA,DMK,CJM,CJM,Nok Air,DD,17:55,19:00,1ชม.5นาที,Direct,1017,"฿1,017",2026-01-26T15:27:19.279518,airpaz.com
2026-06-20,BKKA,DMK,CJM,CJM,Thai AirAsia,FD,07:25,08:30,1ชม.5นาที,Direct,930,฿930,2026-01-26T15:27:47.526341,airpaz.com
2026-06-20,BKKA,DMK,CJM,CJM,Nok Air,DD,17:55,19:00,1ชม.5นาที,Direct,1017,"฿1,017",2026-01-26T15:27:47.586005,airpaz.com
2026-06-21,BKKA,DMK,CJM,CJM,Thai AirAsia,FD,07:25,08:30,1ชม.5นาที,Direct,930,฿930,2026-01-26T15:28:16.542412,airpaz.com
2026-06-21,BKKA,DMK,CJM,CJM,Nok Air,DD,17:55,19:00,1ชม.5นาที,Direct,1017,"฿1,017",2026-01-26T15:28:16.582793,airpaz.com
2026-06-22,BKKA,DMK,CJM,CJM,Thai AirAsia,FD,13:40,14:45,1ชม.5นาที,Direct,910,฿910,2026-01-26T15:28:45.749525,airpaz.com
2026-06-22,BKKA,DMK,CJM,CJM,Thai AirAsia,FD,07:25,08:30,1ชม.5นาที,Direct,930,฿930,2026-01-26T15:28:45.790619,airpaz.com
2026-06-22,BKKA,DMK,CJM,CJM,Nok Air,DD,17:55,19:00,1ชม.5นาที,Direct,1017,"฿1,017",2026-01-26T15:28:45.832161,airpaz.com
2026-06-23,BKKA,DMK,CJM,CJM,Nok Air,DD,17:55,19:00,1ชม.5นาที,Direct,920,฿920,2026-01-26T15:29:13.964322,airpaz.com
2026-06-23,BKKA,DMK,CJM,CJM,Thai AirAsia,FD,07:25,08:30,1ชม.5นาที,Direct,930,฿930,2026-01-26T15:29:14.005774,airpaz.com
2026-06-24,BKKA,DMK,CJM,CJM,Thai AirAsia,FD,13:05,14:10,1ชม.5นาที,Direct,910,฿910,2026-01-26T15:29:43.153889,airpaz.com
2026-06-24,BKKA,DMK,CJM,CJM,Nok Air,DD,17:55,19:00,1ชม.5นาที,Direct,920,฿920,2026-01-26T15:29:43.212815,airpaz.com
2026-06-24,BKKA,DMK,CJM,CJM,Thai AirAsia,FD,07:25,08:30,1ชม.5นาที,Direct,930,฿930,2026-01-26T15:29:43.251545,airpaz.com
2026-06-25,BKKA,DMK,CJM,CJM,Thai AirAsia,FD,07:25,08:30,1ชม.5นาที,Direct,930,฿930,2026-01-26T15:31:02.998666,airpaz.com
2026-06-25,BKKA,DMK,CJM,CJM,Nok Air,DD,17:55,19:00,1ชม.5นาที,Direct,1017,"฿1,017",2026-01-26T15:31:03.050653,airpaz.com
2026-06-26,BKKA,DMK,CJM,CJM,Thai AirAsia,FD,07:25,08:30,1ชม.5นาที,Direct,930,฿930,2026-01-26T15:31:05.763921,airpaz.com
2026-06-26,BKKA,DMK,CJM,CJM,Nok Air,DD,17:55,19:00,1ชม.5นาที,Direct,1017,"฿1,017",2026-01-26T15:31:05.803803,airpaz.com
2026-06-27,BKKA,DMK,CJM,CJM,Thai AirAsia,FD,07:25,08:30,1ชม.5นาที,Direct,930,฿930,2026-01-26T15:31:34.879166,airpaz.com
2026-06-27,BKKA,DMK,CJM,CJM,Nok Air,DD,17:55,19:00,1ชม.5นาที,Direct,1017,"฿1,017",2026-01-26T15:31:34.920343,airpaz.com
2026-06-28,BKKA,DMK,CJM,CJM,Thai AirAsia,FD,07:25,08:30,1ชม.5นาที,Direct,930,฿930,2026-01-26T15:32:03.869422,airpaz.com
2026-06-28,BKKA,DMK,CJM,CJM,Nok Air,DD,17:55,19:00,1ชม.5นาที,Direct,1017,"฿1,017",2026-01-26T15:32:03.910329,airpaz.com
2026-06-29,BKKA,DMK,CJM,CJM,Thai AirAsia,FD,13:40,14:45,1ชม.5นาที,Direct,910,฿910,2026-01-26T15:32:33.578825,airpaz.com
2026-06-29,BKKA,DMK,CJM,CJM,Thai AirAsia,FD,07:25,08:30,1ชม.5นาที,Direct,930,฿930,2026-01-26T15:32:33.628155,airpaz.com
2026-06-29,BKKA,DMK,CJM,CJM,Nok Air,DD,17:55,19:00,1ชม.5นาที,Direct,1017,"฿1,017",2026-01-26T15:32:33.675876,airpaz.com
2026-06-30,BKKA,DMK,CJM,CJM,Thai AirAsia,FD,13:40,14:45,1ชม.5นาที,Direct,910,฿910,2026-01-26T15:32:36.855244,airpaz.com
2026-06-30,BKKA,DMK,CJM,CJM,Thai AirAsia,FD,07:25,08:30,1ชม.5นาที,Direct,930,฿930,2026-01-26T15:32:36.895522,airpaz.com
2026-06-30,BKKA,DMK,CJM,CJM,Nok Air,DD,17:55,19:00,1ชม.5นาที,Direct,1017,"฿1,017",2026-01-26T15:32:36.936582,airpaz.com
2026-07-01,BKKA,DMK,CJM,CJM,Thai AirAsia,FD,13:05,14:10,1ชม.5นาที,Direct,910,฿910,2026-01-26T15:33:05.237012,airpaz.com
2026-07-01,BKKA,DMK,CJM,CJM,Nok Air,DD,17:55,19:00,1ชม.5นาที,Direct,920,฿920,2026-01-26T15:33:05.301047,airpaz.com
2026-07-01,BKKA,DMK,CJM,CJM,Thai AirAsia,FD,07:25,08:30,1ชม.5นาที,Direct,930,฿930,2026-01-26T15:33:05.340745,airpaz.com
2026-07-02,BKKA,DMK,CJM,CJM,Thai AirAsia,FD,07:25,08:30,1ชม.5นาที,Direct,930,฿930,2026-01-26T15:33:33.426955,airpaz.com
2026-07-02,BKKA,DMK,CJM,CJM,Nok Air,DD,17:55,19:00,1ชม.5นาที,Direct,1017,"฿1,017",2026-01-26T15:33:33.467839,airpaz.com
2026-07-03,BKKA,DMK,CJM,CJM,Thai AirAsia,FD,13:05,14:10,1ชม.5นาที,Direct,910,฿910,2026-01-26T15:34:02.571541,airpaz.com
2026-07-03,BKKA,DMK,CJM,CJM,Thai AirAsia,FD,07:25,08:30,1ชม.5นาที,Direct,930,฿930,2026-01-26T15:34:02.611324,airpaz.com
2026-07-03,BKKA,DMK,CJM,CJM,Nok Air,DD,17:55,19:00,1ชม.5นาที,Direct,1017,"฿1,017",2026-01-26T15:34:02.652115,airpaz.com
2026-07-04,BKKA,DMK,CJM,CJM,Thai AirAsia,FD,07:25,08:30,1ชม.5นาที,Direct,930,฿930,2026-01-26T15:34:30.792312,airpaz.com
2026-07-04,BKKA,DMK,CJM,CJM,Nok Air,DD,17:55,19:00,1ชม.5นาที,Direct,1017,"฿1,017",2026-01-26T15:34:30.832523,airpaz.com
2026-07-05,BKKA,DMK,CJM,CJM,Thai AirAsia,FD,07:25,08:30,1ชม.5นาที,Direct,930,฿930,2026-01-26T15:35:00.055046,airpaz.com
2026-07-05,BKKA,DMK,CJM,CJM,Nok Air,DD,17:55,19:00,1ชม.5นาที,Direct,1017,"฿1,017",2026-01-26T15:35:00.094991,airpaz.com
2026-07-06,BKKA,DMK,CJM,CJM,Thai AirAsia,FD,13:40,14:45,1ชม.5นาที,Direct,910,฿910,2026-01-26T15:35:29.046670,airpaz.com
2026-07-06,BKKA,DMK,CJM,CJM,Thai AirAsia,FD,07:25,08:30,1ชม.5นาที,Direct,930,฿930,2026-01-26T15:35:29.095258,airpaz.com
2026-07-06,BKKA,DMK,CJM,CJM,Nok Air,DD,17:55,19:00,1ชม.5นาที,Direct,1017,"฿1,017",2026-01-26T15:35:29.143820,airpaz.com
2026-07-07,BKKA,DMK,CJM,CJM,Thai AirAsia,FD,13:40,14:45,1ชม.5นาที,Direct,910,฿910,2026-01-26T15:35:32.161558,airpaz.com
2026-07-07,BKKA,DMK,CJM,CJM,Thai AirAsia,FD,07:25,08:30,1ชม.5นาที,Direct,930,฿930,2026-01-26T15:35:32.201759,airpaz.com
2026-07-07,BKKA,DMK,CJM,CJM,Nok Air,DD,17:55,19:00,1ชม.5นาที,Direct,1017,"฿1,017",2026-01-26T15:35:32.242106,airpaz.com
2026-07-08,BKKA,DMK,CJM,CJM,Thai AirAsia,FD,13:05,14:10,1ชม.5นาที,Direct,910,฿910,2026-01-26T15:36:00.671970,airpaz.com
2026-07-08,BKKA,DMK,CJM,CJM,Nok Air,DD,17:55,19:00,1ชม.5นาที,Direct,920,฿920,2026-01-26T15:36:00.713952,airpaz.com
2026-07-08,BKKA,DMK,CJM,CJM,Thai AirAsia,FD,07:25,08:30,1ชม.5นาที,Direct,930,฿930,2026-01-26T15:36:00.755176,airpaz.com
2026-07-09,BKKA,DMK,CJM,CJM,Thai AirAsia,FD,07:25,08:30,1ชม.5นาที,Direct,930,฿930,2026-01-26T15:36:28.998595,airpaz.com
2026-07-09,BKKA,DMK,CJM,CJM,Nok Air,DD,17:55,19:00,1ชม.5นาที,Direct,1017,"฿1,017",2026-01-26T15:36:29.039934,airpaz.com
2026-07-10,BKKA,DMK,CJM,CJM,Thai AirAsia,FD,13:05,14:10,1ชม.5นาที,Direct,910,฿910,2026-01-26T15:36:57.871331,airpaz.com
2026-07-10,BKKA,DMK,CJM,CJM,Thai AirAsia,FD,07:25,08:30,1ชม.5นาที,Direct,930,฿930,2026-01-26T15:36:57.910705,airpaz.com
2026-07-10,BKKA,DMK,CJM,CJM,Nok Air,DD,17:55,19:00,1ชม.5นาที,Direct,1017,"฿1,017",2026-01-26T15:36:57.952083,airpaz.com
2026-07-11,BKKA,DMK,CJM,CJM,Thai AirAsia,FD,07:25,08:30,1ชม.5นาที,Direct,930,฿930,2026-01-26T15:37:26.189644,airpaz.com
2026-07-11,BKKA,DMK,CJM,CJM,Nok Air,DD,17:55,19:00,1ชม.5นาที,Direct,1017,"฿1,017",2026-01-26T15:37:26.238385,airpaz.com
2026-07-12,BKKA,DMK,CJM,CJM,Thai AirAsia,FD,07:25,08:30,1ชม.5นาที,Direct,930,฿930,2026-01-26T15:37:31.022250,airpaz.com
2026-07-12,BKKA,DMK,CJM,CJM,Nok Air,DD,17:55,19:00,1ชม.5นาที,Direct,1017,"฿1,017",2026-01-26T15:37:31.063043,airpaz.com
2026-07-13,BKKA,DMK,CJM,CJM,Thai AirAsia,FD,13:40,14:45,1ชม.5นาที,Direct,910,฿910,2026-01-26T15:38:00.101328,airpaz.com
2026-07-13,BKKA,DMK,CJM,CJM,Thai AirAsia,FD,07:25,08:30,1ชม.5นาที,Direct,930,฿930,2026-01-26T15:38:00.139709,airpaz.com
2026-07-13,BKKA,DMK,CJM,CJM,Nok Air,DD,17:55,19:00,1ชม.5นาที,Direct,1017,"฿1,017",2026-01-26T15:38:00.179349,airpaz.com
2026-07-14,BKKA,DMK,CJM,CJM,Nok Air,DD,17:55,19:00,1ชม.5นาที,Direct,920,฿920,2026-01-26T15:38:28.448212,airpaz.com
2026-07-14,BKKA,DMK,CJM,CJM,Thai AirAsia,FD,07:25,08:30,1ชม.5นาที,Direct,930,฿930,2026-01-26T15:38:28.488878,airpaz.com
2026-07-15,BKKA,DMK,CJM,CJM,Thai AirAsia,FD,13:05,14:10,1ชม.5นาที,Direct,910,฿910,2026-01-26T15:38:56.868304,airpaz.com
2026-07-15,BKKA,DMK,CJM,CJM,Nok Air,DD,17:55,19:00,1ชม.5นาที,Direct,920,฿920,2026-01-26T15:38:56.906747,airpaz.com
2026-07-15,BKKA,DMK,CJM,CJM,Thai AirAsia,FD,07:25,08:30,1ชม.5นาที,Direct,930,฿930,2026-01-26T15:38:56.947162,airpaz.com
2026-07-16,BKKA,DMK,CJM,CJM,Thai AirAsia,FD,07:25,08:30,1ชม.5นาที,Direct,930,฿930,2026-01-26T15:39:25.523692,airpaz.com
2026-07-16,BKKA,DMK,CJM,CJM,Nok Air,DD,17:55,19:00,1ชม.5นาที,Direct,1017,"฿1,017",2026-01-26T15:39:25.564633,airpaz.com
2026-07-17,BKKA,DMK,CJM,CJM,Thai AirAsia,FD,13:05,14:10,1ชม.5นาที,Direct,910,฿910,2026-01-26T15:39:53.824134,airpaz.com
2026-07-17,BKKA,DMK,CJM,CJM,Thai AirAsia,FD,07:25,08:30,1ชม.5นาที,Direct,930,฿930,2026-01-26T15:39:53.863583,airpaz.com
2026-07-17,BKKA,DMK,CJM,CJM,Nok Air,DD,17:55,19:00,1ชม.5นาที,Direct,1017,"฿1,017",2026-01-26T15:39:53.903767,airpaz.com
2026-07-18,BKKA,DMK,CJM,CJM,Thai AirAsia,FD,07:25,08:30,1ชม.5นาที,Direct,930,฿930,2026-01-26T15:40:22.243503,airpaz.com
2026-07-18,BKKA,DMK,CJM,CJM,Nok Air,DD,17:55,19:00,1ชม.5นาที,Direct,1017,"฿1,017",2026-01-26T15:40:22.282503,airpaz.com
2026-07-19,BKKA,DMK,CJM,CJM,Thai AirAsia,FD,07:25,08:30,1ชม.5นาที,Direct,930,฿930,2026-01-26T15:40:50.542134,airpaz.com
2026-07-19,BKKA,DMK,CJM,CJM,Nok Air,DD,17:55,19:00,1ชม.5นาที,Direct,1017,"฿1,017",2026-01-26T15:40:50.583017,airpaz.com
2026-07-20,BKKA,DMK,CJM,CJM,Thai AirAsia,FD,13:40,14:45,1ชม.5นาที,Direct,910,฿910,2026-01-26T15:42:14.648792,airpaz.com
2026-07-20,BKKA,DMK,CJM,CJM,Thai AirAsia,FD,07:25,08:30,1ชม.5นาที,Direct,930,฿930,2026-01-26T15:42:14.689480,airpaz.com
2026-07-20,BKKA,DMK,CJM,CJM,Nok Air,DD,17:55,19:00,1ชม.5นาที,Direct,1017,"฿1,017",2026-01-26T15:42:14.729455,airpaz.com
2026-07-21,BKKA,DMK,CJM,CJM,Nok Air,DD,17:55,19:00,1ชม.5นาที,Direct,920,฿920,2026-01-26T15:42:42.801083,airpaz.com
2026-07-21,BKKA,DMK,CJM,CJM,Thai AirAsia,FD,07:25,08:30,1ชม.5นาที,Direct,930,฿930,2026-01-26T15:42:42.841747,airpaz.com
2026-07-22,BKKA,DMK,CJM,CJM,Thai AirAsia,FD,13:05,14:10,1ชม.5นาที,Direct,910,฿910,2026-01-26T15:43:10.980506,airpaz.com
2026-07-22,BKKA,DMK,CJM,CJM,Thai AirAsia,FD,07:25,08:30,1ชม.5นาที,Direct,930,฿930,2026-01-26T15:43:11.035054,airpaz.com
2026-07-23,BKKA,DMK,CJM,CJM,Thai AirAsia,FD,13:05,14:10,1ชม.5นาที,Direct,910,฿910,2026-01-26T15:43:13.647279,airpaz.com
2026-07-23,BKKA,DMK,CJM,CJM,Nok Air,DD,17:55,19:00,1ชม.5นาที,Direct,920,฿920,2026-01-26T15:43:13.687667,airpaz.com
2026-07-23,BKKA,DMK,CJM,CJM,Thai AirAsia,FD,07:25,08:30,1ชม.5นาที,Direct,930,฿930,2026-01-26T15:43:13.727687,airpaz.com
2026-07-24,BKKA,DMK,CJM,CJM,Thai AirAsia,FD,13:05,14:10,1ชม.5นาที,Direct,910,฿910,2026-01-26T15:43:42.170989,airpaz.com
2026-07-24,BKKA,DMK,CJM,CJM,Nok Air,DD,17:55,19:00,1ชม.5นาที,Direct,1790,"฿1,790",2026-01-26T15:43:42.209593,airpaz.com
2026-07-24,BKKA,DMK,CJM,CJM,Thai AirAsia,FD,07:25,08:30,1ชม.5นาที,Direct,1870,"฿1,870",2026-01-26T15:43:42.250598,airpaz.com
2026-07-25,BKKA,DMK,CJM,CJM,Thai AirAsia,FD,07:25,08:30,1ชม.5นาที,Direct,1370,"฿1,370",2026-01-26T15:44:10.675518,airpaz.com
2026-07-25,BKKA,DMK,CJM,CJM,Nok Air,DD,17:55,19:00,1ชม.5นาที,Direct,1790,"฿1,790",2026-01-26T15:44:10.716455,airpaz.com
2026-07-26,BKKA,DMK,CJM,CJM,Thai AirAsia,FD,07:25,08:30,1ชม.5นาที,Direct,1870,"฿1,870",2026-01-26T15:44:39.011626,airpaz.com
2026-07-27,BKKA,DMK,CJM,CJM,Nok Air,DD,17:55,19:00,1ชม.5นาที,Direct,1790,"฿1,790",2026-01-26T15:44:42.087170,airpaz.com
2026-07-27,BKKA,DMK,CJM,CJM,Thai AirAsia,FD,07:25,08:30,1ชม.5นาที,Direct,1870,"฿1,870",2026-01-26T15:44:42.163487,airpaz.com
2026-07-28,BKKA,DMK,CJM,CJM,Nok Air,DD,17:55,19:00,1ชม.5นาที,Direct,1790,"฿1,790",2026-01-26T15:45:10.786538,airpaz.com
2026-07-28,BKKA,DMK,CJM,CJM,Thai AirAsia,FD,07:25,08:30,1ชม.5นาที,Direct,1870,"฿1,870",2026-01-26T15:45:10.844341,airpaz.com
2026-07-29,BKKA,DMK,CJM,CJM,Thai AirAsia,FD,13:05,14:10,1ชม.5นาที,Direct,1830,"฿1,830",2026-01-26T15:45:39.088763,airpaz.com
2026-07-29,BKKA,DMK,CJM,CJM,Thai AirAsia,FD,07:25,08:30,1ชม.5นาที,Direct,1870,"฿1,870",2026-01-26T15:45:39.138120,airpaz.com
2026-07-30,BKKA,DMK,CJM,CJM,Thai AirAsia,FD,07:25,08:30,1ชม.5นาที,Direct,930,฿930,2026-01-26T15:46:07.417864,airpaz.com
2026-07-30,BKKA,DMK,CJM,CJM,Nok Air,DD,17:55,19:00,1ชม.5นาที,Direct,1017,"฿1,017",2026-01-26T15:46:07.460077,airpaz.com
2026-07-31,BKKA,DMK,CJM,CJM,Thai AirAsia,FD,13:05,14:10,1ชม.5นาที,Direct,910,฿910,2026-01-26T15:46:36.476127,airpaz.com
2026-07-31,BKKA,DMK,CJM,CJM,Thai AirAsia,FD,07:25,08:30,1ชม.5นาที,Direct,930,฿930,2026-01-26T15:46:36.518282,airpaz.com
2026-07-31,BKKA,DMK,CJM,CJM,Nok Air,DD,17:55,19:00,1ชม.5นาที,Direct,1017,"฿1,017",2026-01-26T15:46:36.562952,airpaz.com
2026-08-01,BKKA,DMK,CJM,CJM,Thai AirAsia,FD,07:25,08:30,1ชม.5นาที,Direct,930,฿930,2026-01-26T15:47:04.834455,airpaz.com
2026-08-01,BKKA,DMK,CJM,CJM,Nok Air,DD,17:55,19:00,1ชม.5นาที,Direct,1017,"฿1,017",2026-01-26T15:47:04.875729,airpaz.com
2026-08-02,BKKA,DMK,CJM,CJM,Thai AirAsia,FD,07:25,08:30,1ชม.5นาที,Direct,930,฿930,2026-01-26T15:47:33.010772,airpaz.com
2026-08-02,BKKA,DMK,CJM,CJM,Nok Air,DD,17:55,19:00,1ชม.5นาที,Direct,1017,"฿1,017",2026-01-26T15:47:33.068961,airpaz.com
2026-08-03,BKKA,DMK,CJM,CJM,Thai AirAsia,FD,13:40,14:45,1ชม.5นาที,Direct,910,฿910,2026-01-26T15:48:01.914050,airpaz.com
2026-08-03,BKKA,DMK,CJM,CJM,Thai AirAsia,FD,07:25,08:30,1ชม.5นาที,Direct,930,฿930,2026-01-26T15:48:01.954990,airpaz.com
2026-08-03,BKKA,DMK,CJM,CJM,Nok Air,DD,17:55,19:00,1ชม.5นาที,Direct,1017,"฿1,017",2026-01-26T15:48:01.996725,airpaz.com
2026-08-04,BKKA,DMK,CJM,CJM,Nok Air,DD,17:55,19:00,1ชม.5นาที,Direct,920,฿920,2026-01-26T15:48:30.149985,airpaz.com
2026-08-04,BKKA,DMK,CJM,CJM,Thai AirAsia,FD,07:25,08:30,1ชม.5นาที,Direct,930,฿930,2026-01-26T15:48:30.189572,airpaz.com
2026-08-05,BKKA,DMK,CJM,CJM,Thai AirAsia,FD,13:05,14:10,1ชม.5นาที,Direct,910,฿910,2026-01-26T15:48:58.388088,airpaz.com
2026-08-05,BKKA,DMK,CJM,CJM,Thai AirAsia,FD,07:25,08:30,1ชม.5นาที,Direct,930,฿930,2026-01-26T15:48:58.484466,airpaz.com
2026-08-05,BKKA,DMK,CJM,CJM,Nok Air,DD,17:55,19:00,1ชม.5นาที,Direct,1017,"฿1,017",2026-01-26T15:48:58.521829,airpaz.com
2026-08-06,BKKA,DMK,CJM,CJM,Thai AirAsia,FD,07:25,08:30,1ชม.5นาที,Direct,930,฿930,2026-01-26T15:49:27.032188,airpaz.com
2026-08-06,BKKA,DMK,CJM,CJM,Nok Air,DD,17:55,19:00,1ชม.5นาที,Direct,1017,"฿1,017",2026-01-26T15:49:27.069912,airpaz.com
2026-08-07,BKKA,DMK,CJM,CJM,Nok Air,DD,17:55,19:00,1ชม.5นาที,Direct,1790,"฿1,790",2026-01-26T15:49:55.221897,airpaz.com
2026-08-07,BKKA,DMK,CJM,CJM,Thai AirAsia,FD,13:05,14:10,1ชม.5นาที,Direct,1830,"฿1,830",2026-01-26T15:49:55.262011,airpaz.com
2026-08-07,BKKA,DMK,CJM,CJM,Thai AirAsia,FD,07:25,08:30,1ชม.5นาที,Direct,1870,"฿1,870",2026-01-26T15:49:55.303347,airpaz.com
2026-08-08,BKKA,DMK,CJM,CJM,Thai AirAsia,FD,07:25,08:30,1ชม.5นาที,Direct,1870,"฿1,870",2026-01-26T15:50:23.466845,airpaz.com
2026-08-08,BKKA,DMK,CJM,CJM,Nok Air,DD,17:55,19:00,1ชม.5นาที,Direct,1984,"฿1,984",2026-01-26T15:50:23.516693,airpaz.com
2026-08-09,BKKA,DMK,CJM,CJM,Thai AirAsia,FD,07:25,08:30,1ชม.5นาที,Direct,1870,"฿1,870",2026-01-26T15:50:30.631893,airpaz.com
2026-08-09,BKKA,DMK,CJM,CJM,Nok Air,DD,17:55,19:00,1ชม.5นาที,Direct,1984,"฿1,984",2026-01-26T15:50:30.672587,airpaz.com
2026-08-10,BKKA,DMK,CJM,CJM,Nok Air,DD,17:55,19:00,1ชม.5นาที,Direct,1017,"฿1,017",2026-01-26T15:50:58.985648,airpaz.com
2026-08-10,BKKA,DMK,CJM,CJM,Thai AirAsia,FD,13:40,14:45,1ชม.5นาที,Direct,1830,"฿1,830",2026-01-26T15:50:59.040056,airpaz.com
2026-08-10,BKKA,DMK,CJM,CJM,Thai AirAsia,FD,07:25,08:30,1ชม.5นาที,Direct,1870,"฿1,870",2026-01-26T15:50:59.081717,airpaz.com
2026-08-11,BKKA,DMK,CJM,CJM,Thai AirAsia,FD,07:25,08:30,1ชม.5นาที,Direct,1870,"฿1,870",2026-01-26T15:51:27.658935,airpaz.com
2026-08-12,BKKA,DMK,CJM,CJM,Nok Air,DD,17:55,19:00,1ชม.5นาที,Direct,1790,"฿1,790",2026-01-26T15:51:56.675030,airpaz.com
2026-08-12,BKKA,DMK,CJM,CJM,Thai AirAsia,FD,13:05,14:10,1ชม.5นาที,Direct,1830,"฿1,830",2026-01-26T15:51:56.717650,airpaz.com
2026-08-12,BKKA,DMK,CJM,CJM,Thai AirAsia,FD,07:25,08:30,1ชม.5นาที,Direct,1870,"฿1,870",2026-01-26T15:51:56.758510,airpaz.com
2026-08-13,BKKA,DMK,CJM,CJM,Nok Air,DD,17:55,19:00,1ชม.5นาที,Direct,1210,"฿1,210",2026-01-26T15:52:25.197824,airpaz.com
2026-08-13,BKKA,DMK,CJM,CJM,Thai AirAsia,FD,07:25,08:30,1ชม.5นาที,Direct,1870,"฿1,870",2026-01-26T15:52:25.237024,airpaz.com
2026-08-14,BKKA,DMK,CJM,CJM,Thai AirAsia,FD,13:05,14:10,1ชม.5นาที,Direct,1830,"฿1,830",2026-01-26T15:54:15.878357,airpaz.com
2026-08-14,BKKA,DMK,CJM,CJM,Thai AirAsia,FD,07:25,08:30,1ชม.5นาที,Direct,1870,"฿1,870",2026-01-26T15:54:15.921546,airpaz.com
2026-08-14,BKKA,DMK,CJM,CJM,Nok Air,DD,17:55,19:00,1ชม.5นาที,Direct,1984,"฿1,984",2026-01-26T15:54:15.964819,airpaz.com
2026-08-15,BKKA,DMK,CJM,CJM,Nok Air,DD,17:55,19:00,1ชม.5นาที,Direct,1790,"฿1,790",2026-01-26T15:54:44.440234,airpaz.com
2026-08-15,BKKA,DMK,CJM,CJM,Thai AirAsia,FD,07:25,08:30,1ชม.5นาที,Direct,1870,"฿1,870",2026-01-26T15:54:44.493667,airpaz.com
2026-08-16,BKKA,DMK,CJM,CJM,Nok Air,DD,17:55,19:00,1ชม.5นาที,Direct,1017,"฿1,017",2026-01-26T15:55:13.467889,airpaz.com
2026-08-16,BKKA,DMK,CJM,CJM,Thai AirAsia,FD,07:25,08:30,1ชม.5นาที,Direct,1870,"฿1,870",2026-01-26T15:55:13.508609,airpaz.com
2026-08-17,BKKA,DMK,CJM,CJM,Thai AirAsia,FD,13:40,14:45,1ชม.5นาที,Direct,910,฿910,2026-01-26T15:55:42.390407,airpaz.com
2026-08-17,BKKA,DMK,CJM,CJM,Thai AirAsia,FD,07:25,08:30,1ชม.5นาที,Direct,930,฿930,2026-01-26T15:55:42.480311,airpaz.com
2026-08-18,BKKA,DMK,CJM,CJM,Nok Air,DD,17:55,19:00,1ชม.5นาที,Direct,920,฿920,2026-01-26T15:56:10.851922,airpaz.com
2026-08-18,BKKA,DMK,CJM,CJM,Thai AirAsia,FD,07:25,08:30,1ชม.5นาที,Direct,930,฿930,2026-01-26T15:56:10.892961,airpaz.com
2026-08-19,BKKA,DMK,CJM,CJM,Thai AirAsia,FD,13:05,14:10,1ชม.5นาที,Direct,910,฿910,2026-01-26T15:56:39.792145,airpaz.com
2026-08-19,BKKA,DMK,CJM,CJM,Nok Air,DD,17:55,19:00,1ชม.5นาที,Direct,920,฿920,2026-01-26T15:56:39.832073,airpaz.com
2026-08-19,BKKA,DMK,CJM,CJM,Thai AirAsia,FD,07:25,08:30,1ชม.5นาที,Direct,930,฿930,2026-01-26T15:56:39.871838,airpaz.com
2026-08-20,BKKA,DMK,CJM,CJM,Thai AirAsia,FD,07:25,08:30,1ชม.5นาที,Direct,930,฿930,2026-01-26T15:57:08.886034,airpaz.com
2026-08-20,BKKA,DMK,CJM,CJM,Nok Air,DD,17:55,19:00,1ชม.5นาที,Direct,1017,"฿1,017",2026-01-26T15:57:08.926957,airpaz.com
2026-08-21,BKKA,DMK,CJM,CJM,Thai AirAsia,FD,13:05,14:10,1ชม.5นาที,Direct,910,฿910,2026-01-26T15:57:37.717973,airpaz.com
2026-08-21,BKKA,DMK,CJM,CJM,Thai AirAsia,FD,07:25,08:30,1ชม.5นาที,Direct,930,฿930,2026-01-26T15:57:37.758107,airpaz.com
2026-08-21,BKKA,DMK,CJM,CJM,Nok Air,DD,17:55,19:00,1ชม.5นาที,Direct,1017,"฿1,017",2026-01-26T15:57:37.798730,airpaz.com
2026-08-22,BKKA,DMK,CJM,CJM,Thai AirAsia,FD,07:25,08:30,1ชม.5นาที,Direct,930,฿930,2026-01-26T15:58:05.922023,airpaz.com
2026-08-22,BKKA,DMK,CJM,CJM,Nok Air,DD,17:55,19:00,1ชม.5นาที,Direct,1017,"฿1,017",2026-01-26T15:58:05.962810,airpaz.com
2026-08-23,BKKA,DMK,CJM,CJM,Thai AirAsia,FD,07:25,08:30,1ชม.5นาที,Direct,930,฿930,2026-01-26T15:58:35.327992,airpaz.com
2026-08-23,BKKA,DMK,CJM,CJM,Nok Air,DD,17:55,19:00,1ชม.5นาที,Direct,1017,"฿1,017",2026-01-26T15:58:35.368482,airpaz.com
2026-08-24,BKKA,DMK,CJM,CJM,Thai AirAsia,FD,13:40,14:45,1ชม.5นาที,Direct,910,฿910,2026-01-26T15:59:03.670840,airpaz.com
2026-08-24,BKKA,DMK,CJM,CJM,Thai AirAsia,FD,07:25,08:30,1ชม.5นาที,Direct,930,฿930,2026-01-26T15:59:03.706259,airpaz.com
2026-08-24,BKKA,DMK,CJM,CJM,Nok Air,DD,17:55,19:00,1ชม.5นาที,Direct,1017,"฿1,017",2026-01-26T15:59:03.742100,airpaz.com
2026-08-25,BKKA,DMK,CJM,CJM,Nok Air,DD,17:55,19:00,1ชม.5นาที,Direct,920,฿920,2026-01-26T15:59:32.096557,airpaz.com
2026-08-25,BKKA,DMK,CJM,CJM,Thai AirAsia,FD,07:25,08:30,1ชม.5นาที,Direct,930,฿930,2026-01-26T15:59:32.135573,airpaz.com
2026-08-26,BKKA,DMK,CJM,CJM,Thai AirAsia,FD,13:05,14:10,1ชม.5นาที,Direct,910,฿910,2026-01-26T16:00:00.328764,airpaz.com
2026-08-26,BKKA,DMK,CJM,CJM,Thai AirAsia,FD,07:25,08:30,1ชม.5นาที,Direct,930,฿930,2026-01-26T16:00:00.382309,airpaz.com
2026-08-27,BKKA,DMK,CJM,CJM,Thai AirAsia,FD,13:05,14:10,1ชม.5นาที,Direct,910,฿910,2026-01-26T16:00:03.414791,airpaz.com
2026-08-27,BKKA,DMK,CJM,CJM,Nok Air,DD,17:55,19:00,1ชม.5นาที,Direct,920,฿920,2026-01-26T16:00:03.454885,airpaz.com
2026-08-27,BKKA,DMK,CJM,CJM,Thai AirAsia,FD,07:25,08:30,1ชม.5นาที,Direct,930,฿930,2026-01-26T16:00:03.501001,airpaz.com
2026-08-28,BKKA,DMK,CJM,CJM,Thai AirAsia,FD,13:05,14:10,1ชม.5นาที,Direct,910,฿910,2026-01-26T16:00:31.988371,airpaz.com
2026-08-28,BKKA,DMK,CJM,CJM,Thai AirAsia,FD,07:25,08:30,1ชม.5นาที,Direct,930,฿930,2026-01-26T16:00:32.030793,airpaz.com
2026-08-28,BKKA,DMK,CJM,CJM,Nok Air,DD,17:55,19:00,1ชม.5นาที,Direct,1017,"฿1,017",2026-01-26T16:00:32.073208,airpaz.com
2026-08-29,BKKA,DMK,CJM,CJM,Thai AirAsia,FD,07:25,08:30,1ชม.5นาที,Direct,930,฿930,2026-01-26T16:01:00.579368,airpaz.com
2026-08-29,BKKA,DMK,CJM,CJM,Nok Air,DD,17:55,19:00,1ชม.5นาที,Direct,1017,"฿1,017",2026-01-26T16:01:00.622785,airpaz.com
2026-08-30,BKKA,DMK,CJM,CJM,Nok Air,DD,17:55,19:00,1ชม.5นาที,Direct,1017,"฿1,017",2026-01-26T16:01:28.818604,airpaz.com
2026-08-31,BKKA,DMK,CJM,CJM,Thai AirAsia,FD,07:25,08:30,1ชม.5นาที,Direct,930,฿930,2026-01-26T16:01:32.861588,airpaz.com
2026-08-31,BKKA,DMK,CJM,CJM,Nok Air,DD,17:55,19:00,1ชม.5นาที,Direct,1017,"฿1,017",2026-01-26T16:01:32.901487,airpaz.com
2026-09-01,BKKA,DMK,CJM,CJM,Nok Air,DD,17:55,19:00,1ชม.5นาที,Direct,920,฿920,2026-01-26T16:02:02.643940,airpaz.com
2026-09-01,BKKA,DMK,CJM,CJM,Thai AirAsia,FD,07:25,08:30,1ชม.5นาที,Direct,930,฿930,2026-01-26T16:02:02.684471,airpaz.com
