date,airport,direction,time,destination,flight,airline,duration,page_date_verified,scraped_at
2026-05-11,CNX,departure,00:15,TPE Taipei,FD242,Thai AirAsia,3h 50m,True,2026-02-13T11:05:10.949115
2026-05-11,CNX,departure,00:35,KIX Osaka,VZ822,Vietjet Thailand,5h 20m,True,2026-02-13T11:05:11.041562
2026-05-11,CNX,departure,06:35,BKK Bangkok,FD4105,Thai AirAsia,1h 20m,True,2026-02-13T11:05:11.131711
2026-05-11,CNX,departure,06:35,BKK Bangkok,VZ2105,Vietjet Thailand,1h 20m,True,2026-02-13T11:05:11.218672
2026-05-11,CNX,departure,06:35,KBV Krabi,FD3070,Thai AirAsia,1h 55m,True,2026-02-13T11:05:11.306758
2026-05-11,CNX,departure,06:50,DMK Bangkok,DD123,Nok Air,1h 15m,True,2026-02-13T11:05:11.391599
2026-05-11,CNX,departure,06:50,DMK Bangkok,FD3417,Thai AirAsia,1h 15m,True,2026-02-13T11:05:11.475747
2026-05-11,CNX,departure,08:05,BKK Bangkok,VZ101,Vietjet Thailand,1h 20m,True,2026-02-13T11:05:11.557996
2026-05-11,CNX,departure,08:10,DMK Bangkok,SL503,Thai Lion Air,1h 15m,True,2026-02-13T11:05:11.643818
2026-05-11,CNX,departure,08:15,DMK Bangkok,DD121,Nok Air,1h 15m,True,2026-02-13T11:05:11.729744
2026-05-11,CNX,departure,08:30,DMK Bangkok,FD3438,Thai AirAsia,1h 10m,True,2026-02-13T11:05:11.981398
2026-05-11,CNX,departure,08:50,RGN Yangon,8M377,MAI,1h 25m,True,2026-02-13T11:05:12.060741
2026-05-11,CNX,departure,09:05,HDY Hat Yai,FD157,Thai AirAsia,2h 5m,True,2026-02-13T11:05:12.146886
2026-05-11,CNX,departure,09:10,DMK Bangkok,FD3446,Thai AirAsia,1h 15m,True,2026-02-13T11:05:12.239054
2026-05-11,CNX,departure,09:20,BKK Bangkok,FD4101,Thai AirAsia,1h 20m,True,2026-02-13T11:05:12.334540
2026-05-11,CNX,departure,09:25,BKK Bangkok,TG103,Thai Airways,1h 25m,True,2026-02-13T11:05:12.430136
2026-05-11,CNX,departure,09:30,PVG Shanghai,9C8512,Spring Airlines,4h 0m,True,2026-02-13T11:05:12.530315
2026-05-11,CNX,departure,09:35,BKK Bangkok,VZ115,Vietjet Thailand,1h 20m,True,2026-02-13T11:05:12.631544
2026-05-11,CNX,departure,10:10,BKK Bangkok,PG216,Bangkok Airways,1h 25m,True,2026-02-13T11:05:12.731669
2026-05-11,CNX,departure,10:10,DMK Bangkok,FD8436,Thai AirAsia,1h 15m,True,2026-02-13T11:05:12.825813
2026-05-11,CNX,departure,10:20,HHQ Hua Hin,FD3900,Thai AirAsia,1h 20m,True,2026-02-13T11:05:12.921699
2026-05-11,CNX,departure,10:30,DMK Bangkok,SL507,Thai Lion Air,1h 15m,True,2026-02-13T11:05:13.018490
2026-05-11,CNX,departure,10:30,HKG Hong Kong,UO737,HK Express,2h 55m,True,2026-02-13T11:05:13.107726
2026-05-11,CNX,departure,10:40,HKT Phuket,VZ414,Vietjet Thailand,2h 10m,True,2026-02-13T11:05:13.199409
2026-05-11,CNX,departure,11:00,DMK Bangkok,FD3436,Thai AirAsia,1h 15m,True,2026-02-13T11:05:13.295725
2026-05-11,CNX,departure,11:25,HKT Phuket,FD3160,Thai AirAsia,2h 0m,True,2026-02-13T11:05:13.391696
2026-05-11,CNX,departure,11:35,USM Koh Samui,PG242,Bangkok Airways,1h 45m,True,2026-02-13T11:05:13.490654
2026-05-11,CNX,departure,11:35,TPE Taipei,BR258,EVA Air,3h 50m,True,2026-02-13T11:05:13.593951
2026-05-11,CNX,departure,11:50,BKK Bangkok,VZ103,Vietjet Thailand,1h 20m,True,2026-02-13T11:05:13.695065
2026-05-11,CNX,departure,11:55,BKK Bangkok,TG105,Thai Airways,1h 25m,True,2026-02-13T11:05:13.793951
2026-05-11,CNX,departure,11:55,BKK Bangkok,PG224,Bangkok Airways,1h 25m,True,2026-02-13T11:05:13.890687
2026-05-11,CNX,departure,12:00,DMK Bangkok,FD3428,Thai AirAsia,1h 5m,True,2026-02-13T11:05:13.982690
2026-05-11,CNX,departure,12:10,DMK Bangkok,DD125,Nok Air,1h 15m,True,2026-02-13T11:05:14.079248
2026-05-11,CNX,departure,12:35,KUL Kuala Lumpur,MH773,Malaysia Airlines,3h 0m,True,2026-02-13T11:05:14.171472
2026-05-11,CNX,departure,12:35,BKK Bangkok,FD4107,Thai AirAsia,1h 30m,True,2026-02-13T11:05:14.266526
2026-05-11,CNX,departure,13:10,DMK Bangkok,SL509,Thai Lion Air,1h 15m,True,2026-02-13T11:05:14.360147
2026-05-11,CNX,departure,13:20,HAN Hanoi,FD870,Thai AirAsia,1h 30m,True,2026-02-13T11:05:14.455298
2026-05-11,CNX,departure,13:30,RGN Yangon,8M371,MAI,1h 0m,True,2026-02-13T11:05:14.551741
2026-05-11,CNX,departure,13:30,DMK Bangkok,SL511,Thai Lion Air,1h 15m,True,2026-02-13T11:05:14.645415
2026-05-11,CNX,departure,13:40,BKK Bangkok,TG107,Thai Airways,1h 25m,True,2026-02-13T11:05:14.741333
2026-05-11,CNX,departure,13:55,KBV Krabi,FD3072,Thai AirAsia,1h 50m,True,2026-02-13T11:05:14.833560
2026-05-11,CNX,departure,14:10,BKK Bangkok,FD4119,Thai AirAsia,1h 25m,True,2026-02-13T11:05:14.930623
2026-05-11,CNX,departure,14:15,KKC Khon Kaen,FD5500,Thai AirAsia,1h 5m,True,2026-02-13T11:05:15.024951
2026-05-11,CNX,departure,14:25,BKK Bangkok,VZ111,Vietjet Thailand,1h 20m,True,2026-02-13T11:05:15.122696
2026-05-11,CNX,departure,14:35,HKT Phuket,PG248,Bangkok Airways,2h 5m,True,2026-02-13T11:05:15.398448
2026-05-11,CNX,departure,14:35,DMK Bangkok,FD3434,Thai AirAsia,1h 15m,True,2026-02-13T11:05:15.482786
2026-05-11,CNX,departure,14:55,PVG Shanghai,MU206,China Eastern,4h 0m,True,2026-02-13T11:05:15.569358
2026-05-11,CNX,departure,15:05,DMK Bangkok,SL513,Thai Lion Air,1h 20m,True,2026-02-13T11:05:15.659403
2026-05-11,CNX,departure,15:05,DMK Bangkok,FD3426,Thai AirAsia,1h 15m,True,2026-02-13T11:05:15.753460
2026-05-11,CNX,departure,15:15,LPQ Luang Prabang,QV636,Lao Airlines,1h 5m,True,2026-02-13T11:05:15.859412
2026-05-11,CNX,departure,15:30,BKK Bangkok,TG111,Thai Airways,1h 25m,True,2026-02-13T11:05:15.960404
2026-05-11,CNX,departure,15:30,BKK Bangkok,VZ107,Vietjet Thailand,1h 20m,True,2026-02-13T11:05:16.060507
2026-05-11,CNX,departure,15:50,DMK Bangkok,DD133,Nok Air,1h 15m,True,2026-02-13T11:05:16.172107
2026-05-11,CNX,departure,16:15,HKT Phuket,VZ416,Vietjet Thailand,2h 5m,True,2026-02-13T11:05:16.286924
2026-05-11,CNX,departure,16:20,KMG Kunming,MU9620,China Eastern,1h 55m,True,2026-02-13T11:05:16.407596
2026-05-11,CNX,departure,16:30,DMK Bangkok,FD3440,Thai AirAsia,1h 10m,True,2026-02-13T11:05:16.528315
2026-05-11,CNX,departure,16:30,KBV Krabi,FD3074,Thai AirAsia,1h 55m,True,2026-02-13T11:05:16.643610
2026-05-11,CNX,departure,16:35,MDL Mandalay,8M375,MAI,1h 20m,True,2026-02-13T11:05:16.764582
2026-05-11,CNX,departure,16:55,BKK Bangkok,TG113,Thai Airways,1h 25m,True,2026-02-13T11:05:16.885656
2026-05-11,CNX,departure,17:20,BKK Bangkok,VZ109,Vietjet Thailand,1h 20m,True,2026-02-13T11:05:17.000122
2026-05-11,CNX,departure,17:20,KUL Kuala Lumpur,AK857,AirAsia,2h 55m,True,2026-02-13T11:05:17.113581
2026-05-11,CNX,departure,17:25,URT Surat Thani,FD5420,Thai AirAsia,1h 50m,True,2026-02-13T11:05:17.231293
2026-05-11,CNX,departure,17:30,DMK Bangkok,FD3432,Thai AirAsia,1h 15m,True,2026-02-13T11:05:17.351405
2026-05-11,CNX,departure,17:35,HKT Phuket,FD3158,Thai AirAsia,2h 0m,True,2026-02-13T11:05:17.470077
2026-05-11,CNX,departure,17:35,SIN Singapore,TR681,Scoot,3h 10m,True,2026-02-13T11:05:17.583855
2026-05-11,CNX,departure,18:20,DMK Bangkok,DD135,Nok Air,1h 15m,True,2026-02-13T11:05:17.700734
2026-05-11,CNX,departure,18:25,BKK Bangkok,FD4109,Thai AirAsia,1h 20m,True,2026-02-13T11:05:17.822692
2026-05-11,CNX,departure,18:35,DMK Bangkok,FD3442,Thai AirAsia,1h 10m,True,2026-02-13T11:05:17.935104
2026-05-11,CNX,departure,18:45,DMK Bangkok,SL515,Thai Lion Air,1h 15m,True,2026-02-13T11:05:18.053938
2026-05-11,CNX,departure,18:50,CAN Guangzhou,CZ3034,China Southern,2h 45m,True,2026-02-13T11:05:18.170069
2026-05-11,CNX,departure,19:05,DMK Bangkok,FD8440,Thai AirAsia,1h 15m,True,2026-02-13T11:05:18.290432
2026-05-11,CNX,departure,19:25,HKG Hong Kong,UO755,HK Express,2h 50m,True,2026-02-13T11:05:18.408551
2026-05-11,CNX,departure,19:45,BKK Bangkok,VZ123,Vietjet Thailand,1h 20m,True,2026-02-13T11:05:18.529970
2026-05-11,CNX,departure,20:00,BKK Bangkok,PG220,Bangkok Airways,1h 25m,True,2026-02-13T11:05:18.648298
2026-05-11,CNX,departure,20:00,DMK Bangkok,FD3430,Thai AirAsia,1h 15m,True,2026-02-13T11:05:18.769469
2026-05-11,CNX,departure,20:35,HKT Phuket,FD3168,Thai AirAsia,2h 0m,True,2026-02-13T11:05:18.895138
2026-05-11,CNX,departure,20:50,BKK Bangkok,VZ2107,Vietjet Thailand,1h 20m,True,2026-02-13T11:05:19.020510
2026-05-11,CNX,departure,21:10,BKK Bangkok,TG121,Thai Airways,1h 20m,True,2026-02-13T11:05:19.136831
2026-05-11,CNX,departure,21:15,DMK Bangkok,FD3444,Thai AirAsia,1h 15m,True,2026-02-13T11:05:19.263576
2026-05-11,CNX,departure,21:30,DMK Bangkok,SL521,Thai Lion Air,1h 15m,True,2026-02-13T11:05:19.378353
2026-05-11,CNX,departure,21:35,XIY Xian,9C6628,Spring Airlines,3h 25m,True,2026-02-13T11:05:19.496045
2026-05-11,CNX,departure,21:45,CAN Guangzhou,9C8934,Spring Airlines,3h 15m,True,2026-02-13T11:05:19.617164
2026-05-11,CNX,departure,22:05,KMG Kunming,DR5034,Ruili Airlines,1h 45m,True,2026-02-13T11:05:19.734060
2026-05-11,CNX,departure,22:05,BKK Bangkok,FD4117,Thai AirAsia,1h 25m,True,2026-02-13T11:05:19.856411
2026-05-11,CNX,departure,22:30,BKK Bangkok,VZ119,Vietjet Thailand,1h 20m,True,2026-02-13T11:05:19.976861
2026-05-11,CNX,departure,23:05,PEK Beijing,CA824,Air China,4h 35m,True,2026-02-13T11:05:20.093552
2026-05-11,CNX,departure,23:30,DMK Bangkok,FD3420,Thai AirAsia,1h 10m,True,2026-02-13T11:05:20.209491
2026-05-11,CNX,arrival,06:20,DMK Bangkok,FD3416,Thai AirAsia,1h 10m,True,2026-02-13T11:05:36.649640
2026-05-11,CNX,arrival,07:30,BKK Bangkok,VZ100,Vietjet Thailand,1h 20m,True,2026-02-13T11:05:36.771729
2026-05-11,CNX,arrival,07:30,DMK Bangkok,SL502,Thai Lion Air,1h 15m,True,2026-02-13T11:05:36.897882
2026-05-11,CNX,arrival,07:45,DMK Bangkok,DD120,Nok Air,1h 15m,True,2026-02-13T11:05:37.019290
2026-05-11,CNX,arrival,07:55,DMK Bangkok,FD3437,Thai AirAsia,1h 10m,True,2026-02-13T11:05:37.141576
2026-05-11,CNX,arrival,08:00,CAN Guangzhou,9C8933,Spring Airlines,3h 5m,True,2026-02-13T11:05:37.266701
2026-05-11,CNX,arrival,08:05,RGN Yangon,8M376,MAI,1h 35m,True,2026-02-13T11:05:37.388953
2026-05-11,CNX,arrival,08:40,DMK Bangkok,FD3445,Thai AirAsia,1h 10m,True,2026-02-13T11:05:37.614833
2026-05-11,CNX,arrival,08:45,BKK Bangkok,TG102,Thai Airways,1h 20m,True,2026-02-13T11:05:37.829039
2026-05-11,CNX,arrival,09:00,BKK Bangkok,VZ114,Vietjet Thailand,1h 20m,True,2026-02-13T11:05:37.948274
2026-05-11,CNX,arrival,09:20,BKK Bangkok,PG215,Bangkok Airways,1h 20m,True,2026-02-13T11:05:38.069942
2026-05-11,CNX,arrival,09:40,DMK Bangkok,FD8435,Thai AirAsia,1h 15m,True,2026-02-13T11:05:38.189891
2026-05-11,CNX,arrival,09:45,HKG Hong Kong,UO736,HK Express,2h 55m,True,2026-02-13T11:05:38.308023
2026-05-11,CNX,arrival,09:50,DMK Bangkok,SL506,Thai Lion Air,1h 15m,True,2026-02-13T11:05:38.432569
2026-05-11,CNX,arrival,09:50,BKK Bangkok,FD4104,Thai AirAsia,1h 20m,True,2026-02-13T11:05:38.556152
2026-05-11,CNX,arrival,10:10,HKT Phuket,VZ415,Vietjet Thailand,2h 10m,True,2026-02-13T11:05:38.678544
2026-05-11,CNX,arrival,10:25,TPE Taipei,BR257,EVA Air,3h 45m,True,2026-02-13T11:05:38.797753
2026-05-11,CNX,arrival,10:30,DMK Bangkok,FD3435,Thai AirAsia,1h 15m,True,2026-02-13T11:05:38.917811
2026-05-11,CNX,arrival,10:40,USM Koh Samui,PG241,Bangkok Airways,1h 45m,True,2026-02-13T11:05:39.044742
2026-05-11,CNX,arrival,10:55,KBV Krabi,FD3071,Thai AirAsia,1h 55m,True,2026-02-13T11:05:39.163476
2026-05-11,CNX,arrival,11:15,BKK Bangkok,PG223,Bangkok Airways,1h 20m,True,2026-02-13T11:05:39.281342
2026-05-11,CNX,arrival,11:15,BKK Bangkok,TG104,Thai Airways,1h 20m,True,2026-02-13T11:05:39.403008
2026-05-11,CNX,arrival,11:15,BKK Bangkok,VZ102,Vietjet Thailand,1h 20m,True,2026-02-13T11:05:39.523761
2026-05-11,CNX,arrival,11:25,DMK Bangkok,FD3427,Thai AirAsia,1h 10m,True,2026-02-13T11:05:39.644073
2026-05-11,CNX,arrival,11:40,DMK Bangkok,DD124,Nok Air,1h 15m,True,2026-02-13T11:05:39.764103
2026-05-11,CNX,arrival,11:40,KUL Kuala Lumpur,MH772,Malaysia Airlines,2h 50m,True,2026-02-13T11:05:39.883069
2026-05-11,CNX,arrival,12:05,BKK Bangkok,FD4106,Thai AirAsia,1h 20m,True,2026-02-13T11:05:40.011697
2026-05-11,CNX,arrival,12:20,DMK Bangkok,SL508,Thai Lion Air,1h 15m,True,2026-02-13T11:05:40.135972
2026-05-11,CNX,arrival,12:30,BKK Bangkok,FD4100,Thai AirAsia,1h 20m,True,2026-02-13T11:05:40.260520
2026-05-11,CNX,arrival,12:45,RGN Yangon,8M370,MAI,1h 0m,True,2026-02-13T11:05:40.379779
2026-05-11,CNX,arrival,12:45,DMK Bangkok,SL510,Thai Lion Air,1h 15m,True,2026-02-13T11:05:40.502333
2026-05-11,CNX,arrival,12:50,KIX Osaka,VZ823,Vietjet Thailand,5h 55m,True,2026-02-13T11:05:40.621950
2026-05-11,CNX,arrival,13:00,BKK Bangkok,TG106,Thai Airways,1h 20m,True,2026-02-13T11:05:40.744636
2026-05-11,CNX,arrival,13:25,PVG Shanghai,MU205,China Eastern,4h 25m,True,2026-02-13T11:05:40.864493
2026-05-11,CNX,arrival,13:25,HHQ Hua Hin,FD3901,Thai AirAsia,1h 15m,True,2026-02-13T11:05:40.983923
2026-05-11,CNX,arrival,13:40,BKK Bangkok,VZ110,Vietjet Thailand,1h 20m,True,2026-02-13T11:05:41.106752
2026-05-11,CNX,arrival,13:40,BKK Bangkok,FD4118,Thai AirAsia,1h 20m,True,2026-02-13T11:05:41.227686
2026-05-11,CNX,arrival,13:45,BKK Bangkok,PG217,Bangkok Airways,1h 20m,True,2026-02-13T11:05:41.345690
2026-05-11,CNX,arrival,13:45,HDY Hat Yai,FD158,Thai AirAsia,2h 5m,True,2026-02-13T11:05:41.468781
2026-05-11,CNX,arrival,14:00,DMK Bangkok,FD3433,Thai AirAsia,1h 15m,True,2026-02-13T11:05:41.584061
2026-05-11,CNX,arrival,14:20,LPQ Luang Prabang,QV635,Lao Airlines,1h 5m,True,2026-02-13T11:05:41.706506
2026-05-11,CNX,arrival,14:25,DMK Bangkok,SL512,Thai Lion Air,1h 15m,True,2026-02-13T11:05:41.822619
2026-05-11,CNX,arrival,14:35,DMK Bangkok,FD3425,Thai AirAsia,1h 15m,True,2026-02-13T11:05:42.127832
2026-05-11,CNX,arrival,14:50,BKK Bangkok,TG110,Thai Airways,1h 20m,True,2026-02-13T11:05:42.251530
2026-05-11,CNX,arrival,15:00,BKK Bangkok,VZ106,Vietjet Thailand,1h 20m,True,2026-02-13T11:05:42.373609
2026-05-11,CNX,arrival,15:20,DMK Bangkok,DD132,Nok Air,1h 15m,True,2026-02-13T11:05:42.495956
2026-05-11,CNX,arrival,15:20,KMG Kunming,MU9619,China Eastern,1h 55m,True,2026-02-13T11:05:42.616008
2026-05-11,CNX,arrival,15:40,HKT Phuket,VZ417,Vietjet Thailand,2h 15m,True,2026-02-13T11:05:42.733145
2026-05-11,CNX,arrival,15:55,DMK Bangkok,FD3439,Thai AirAsia,1h 15m,True,2026-02-13T11:05:42.854109
2026-05-11,CNX,arrival,15:55,HKT Phuket,FD3159,Thai AirAsia,2h 0m,True,2026-02-13T11:05:42.976496
2026-05-11,CNX,arrival,16:05,MDL Mandalay,8M374,MAI,1h 20m,True,2026-02-13T11:05:43.099732
2026-05-11,CNX,arrival,16:15,BKK Bangkok,TG112,Thai Airways,1h 20m,True,2026-02-13T11:05:43.216311
2026-05-11,CNX,arrival,16:35,SIN Singapore,TR680,Scoot,3h 5m,True,2026-02-13T11:05:43.339156
2026-05-11,CNX,arrival,16:45,BKK Bangkok,VZ108,Vietjet Thailand,1h 20m,True,2026-02-13T11:05:43.461543
2026-05-11,CNX,arrival,16:50,KUL Kuala Lumpur,AK856,AirAsia,2h 45m,True,2026-02-13T11:05:43.583646
2026-05-11,CNX,arrival,16:55,KKC Khon Kaen,FD5501,Thai AirAsia,1h 5m,True,2026-02-13T11:05:43.699608
2026-05-11,CNX,arrival,16:55,HAN Hanoi,FD871,Thai AirAsia,1h 35m,True,2026-02-13T11:05:43.820026
2026-05-11,CNX,arrival,17:00,DMK Bangkok,FD3431,Thai AirAsia,1h 15m,True,2026-02-13T11:05:43.940265
2026-05-11,CNX,arrival,17:50,CAN Guangzhou,CZ3033,China Southern,3h 0m,True,2026-02-13T11:05:44.065504
2026-05-11,CNX,arrival,17:50,DMK Bangkok,DD134,Nok Air,1h 15m,True,2026-02-13T11:05:44.187692
2026-05-11,CNX,arrival,17:55,BKK Bangkok,FD4108,Thai AirAsia,1h 20m,True,2026-02-13T11:05:44.309018
2026-05-11,CNX,arrival,18:00,DMK Bangkok,SL514,Thai Lion Air,1h 15m,True,2026-02-13T11:05:44.440231
2026-05-11,CNX,arrival,18:05,DMK Bangkok,FD3441,Thai AirAsia,1h 15m,True,2026-02-13T11:05:44.564523
2026-05-11,CNX,arrival,18:20,KBV Krabi,FD3073,Thai AirAsia,2h 0m,True,2026-02-13T11:05:44.681705
2026-05-11,CNX,arrival,18:40,HKG Hong Kong,UO744,HK Express,2h 50m,True,2026-02-13T11:05:44.804962
2026-05-11,CNX,arrival,19:10,BKK Bangkok,PG219,Bangkok Airways,1h 20m,True,2026-02-13T11:05:44.930486
2026-05-11,CNX,arrival,19:15,BKK Bangkok,VZ122,Vietjet Thailand,1h 20m,True,2026-02-13T11:05:45.051703
2026-05-11,CNX,arrival,19:25,DMK Bangkok,FD3429,Thai AirAsia,1h 15m,True,2026-02-13T11:05:45.176169
2026-05-11,CNX,arrival,20:05,PVG Shanghai,9C8511,Spring Airlines,4h 35m,True,2026-02-13T11:05:45.297273
2026-05-11,CNX,arrival,20:05,HKT Phuket,FD3167,Thai AirAsia,2h 0m,True,2026-02-13T11:05:45.419786
2026-05-11,CNX,arrival,20:20,BKK Bangkok,VZ2106,Vietjet Thailand,1h 20m,True,2026-02-13T11:05:45.540107
2026-05-11,CNX,arrival,20:30,BKK Bangkok,TG120,Thai Airways,1h 15m,True,2026-02-13T11:05:45.665024
2026-05-11,CNX,arrival,20:35,XIY Xian,9C6627,Spring Airlines,3h 40m,True,2026-02-13T11:05:45.779121
2026-05-11,CNX,arrival,20:40,DMK Bangkok,FD3443,Thai AirAsia,1h 15m,True,2026-02-13T11:05:45.899259
2026-05-11,CNX,arrival,20:45,KBV Krabi,FD3075,Thai AirAsia,1h 45m,True,2026-02-13T11:05:46.019233
2026-05-11,CNX,arrival,20:45,DMK Bangkok,SL520,Thai Lion Air,1h 15m,True,2026-02-13T11:05:46.144346
2026-05-11,CNX,arrival,21:15,KMG Kunming,DR5033,Ruili Airlines,2h 0m,True,2026-02-13T11:05:46.267763
2026-05-11,CNX,arrival,21:30,URT Surat Thani,FD5421,Thai AirAsia,1h 45m,True,2026-02-13T11:05:46.384031
2026-05-11,CNX,arrival,21:35,BKK Bangkok,FD4116,Thai AirAsia,1h 20m,True,2026-02-13T11:05:46.502635
2026-05-11,CNX,arrival,21:45,TPE Taipei,FD243,Thai AirAsia,3h 50m,True,2026-02-13T11:05:46.622797
2026-05-11,CNX,arrival,21:50,PEK Beijing,CA823,Air China,5h 10m,True,2026-02-13T11:05:46.745580
2026-05-11,CNX,arrival,22:00,BKK Bangkok,VZ118,Vietjet Thailand,1h 20m,True,2026-02-13T11:05:46.864618
2026-05-11,CNX,arrival,22:05,HKT Phuket,FD3157,Thai AirAsia,2h 0m,True,2026-02-13T11:05:46.987865
2026-05-11,CNX,arrival,22:05,DMK Bangkok,FD8439,Thai AirAsia,1h 15m,True,2026-02-13T11:05:47.114599
2026-05-11,CNX,arrival,22:15,DMK Bangkok,DD148,Nok Air,1h 15m,True,2026-02-13T11:05:47.235129
2026-05-11,CNX,arrival,23:00,DMK Bangkok,FD3419,Thai AirAsia,1h 15m,True,2026-02-13T11:05:47.356233
2026-05-11,CNX,arrival,23:15,BKK Bangkok,VZ2104,Vietjet Thailand,1h 20m,True,2026-02-13T11:05:47.478803
