date,airport,direction,time,destination,flight,airline,airline_source,duration,aircraft,page_date_verified,scraped_at
2026-06-08,DMK,departure,00:05,PVG Shanghai,XJ760,Thai AirAsia X,text,4h 25m,Airbus A330-300,True,2026-02-13T07:13:41.153393
2026-06-08,DMK,departure,00:30,CCU Kolkata,SL242,Thai Lion Air,text,2h 35m,Boeing 737-800 Passenger,True,2026-02-13T07:13:42.495707
2026-06-08,DMK,departure,01:10,KIX Osaka,XJ612,Thai AirAsia X,text,5h 30m,Airbus A330-300,True,2026-02-13T07:13:43.785244
2026-06-08,DMK,departure,02:00,CGK Jakarta,SL116,Thai Lion Air,text,3h 30m,Boeing 737-800 Passenger,True,2026-02-13T07:13:45.336618
2026-06-08,DMK,departure,02:30,ICN Seoul,XJ700,Thai AirAsia X,text,5h 35m,Airbus A330-300,True,2026-02-13T07:13:46.792823
2026-06-08,DMK,departure,02:45,KHH Kaohsiung,FD234,Thai AirAsia,text,3h 30m,Airbus A320neo,True,2026-02-13T07:13:48.162051
2026-06-08,DMK,departure,03:00,TPE Taipei,SL398,Thai Lion Air,text,3h 55m,Boeing 737-800 Passenger,True,2026-02-13T07:13:49.545750
2026-06-08,DMK,departure,03:15,ICN Seoul,SL352,Thai Lion Air,text,5h 40m,Boeing 737-800 Passenger,True,2026-02-13T07:13:50.852385
2026-06-08,DMK,departure,05:10,CNX Chiang Mai,FD3416,Thai AirAsia,text,1h 10m,Airbus A320,True,2026-02-13T07:13:52.170093
2026-06-08,DMK,departure,05:35,KHH Kaohsiung,SL392,Thai Lion Air,text,3h 30m,Boeing 737-900 Passenger,True,2026-02-13T07:13:53.459989
2026-06-08,DMK,departure,06:00,CKG Chongqing,FD556,Thai AirAsia,text,3h 10m,Airbus A320,True,2026-02-13T07:13:54.797377
2026-06-08,DMK,departure,06:00,NST Nakhon Si Thammarat,DD550,Nok Air,text,1h 20m,Boeing 737-800 Passenger,True,2026-02-13T07:13:56.073400
2026-06-08,DMK,departure,06:00,URT Surat Thani,DD570,Nok Air,text,1h 15m,Boeing 737-800 Passenger,True,2026-02-13T07:13:57.619194
2026-06-08,DMK,departure,06:00,UTH Udon Thani,DD300,Nok Air,text,1h 10m,Boeing 737-800 Passenger,True,2026-02-13T07:13:58.884090
2026-06-08,DMK,departure,06:15,CNX Chiang Mai,SL502,Thai Lion Air,text,1h 15m,Boeing 737-900 Passenger,True,2026-02-13T07:14:00.217192
2026-06-08,DMK,departure,06:15,DPS Denpasar,FD396,Thai AirAsia,text,4h 15m,Airbus A320,True,2026-02-13T07:14:01.568717
2026-06-08,DMK,departure,06:15,HDY Hat Yai,SL702,Thai Lion Air,text,1h 30m,Boeing 737-800 Passenger,True,2026-02-13T07:14:02.895617
2026-06-08,DMK,departure,06:20,HKT Phuket,FD3001,Thai AirAsia,text,1h 25m,Airbus A321neo,True,2026-02-13T07:14:04.163092
2026-06-08,DMK,departure,06:20,UTH Udon Thani,FD3348,Thai AirAsia,text,1h 10m,Airbus A320,True,2026-02-13T07:14:05.442733
2026-06-08,DMK,departure,06:25,KBV Krabi,SL800,Thai Lion Air,text,1h 20m,Boeing 737-800 Passenger,True,2026-02-13T07:14:06.724507
2026-06-08,DMK,departure,06:25,VTE Vientiane,FD1042,Thai AirAsia,text,1h 10m,Airbus A320,True,2026-02-13T07:14:07.992602
2026-06-08,DMK,departure,06:30,CNX Chiang Mai,DD120,Nok Air,text,1h 15m,Boeing 737-800 Passenger,True,2026-02-13T07:14:09.284483
2026-06-08,DMK,departure,06:35,CEB Cebu City,5J5959,Cebu Pacific,text,4h 0m,Airbus A321neo,True,2026-02-13T07:14:10.619955
2026-06-08,DMK,departure,06:40,HAN Hanoi,FD642,Thai AirAsia,text,1h 50m,Airbus A321neo,True,2026-02-13T07:14:11.892762
2026-06-08,DMK,departure,06:40,HDY Hat Yai,FD3102,Thai AirAsia,text,1h 25m,Airbus A320,True,2026-02-13T07:14:13.167709
2026-06-08,DMK,departure,06:45,CNX Chiang Mai,FD3437,Thai AirAsia,text,1h 10m,Airbus A321neo,True,2026-02-13T07:14:14.516618
2026-06-08,DMK,departure,06:45,HKT Phuket,SL750,Thai Lion Air,text,1h 25m,Boeing 737-900 Passenger,True,2026-02-13T07:14:15.834815
2026-06-08,DMK,departure,06:50,NST Nakhon Si Thammarat,FD3188,Thai AirAsia,text,1h 15m,Airbus A320,True,2026-02-13T07:14:17.109416
2026-06-08,DMK,departure,06:50,ROI Roi Et,FD3566,Thai AirAsia,text,1h 5m,Airbus A320,True,2026-02-13T07:14:18.365180
2026-06-08,DMK,departure,07:00,KBV Krabi,FD3213,Thai AirAsia,text,1h 25m,Airbus A320,True,2026-02-13T07:14:19.616987
2026-06-08,DMK,departure,07:00,KKC Khon Kaen,FD3250,Thai AirAsia,text,1h 0m,Airbus A320,True,2026-02-13T07:14:20.880059
2026-06-08,DMK,departure,07:00,NST Nakhon Si Thammarat,SL782,Thai Lion Air,text,1h 20m,Boeing 737-800 Passenger,True,2026-02-13T07:14:22.257489
2026-06-08,DMK,departure,07:00,URT Surat Thani,FD3235,Thai AirAsia,text,1h 15m,Airbus A321neo,True,2026-02-13T07:14:23.510762
2026-06-08,DMK,departure,07:05,CEI Chiang Rai,FD3199,Thai AirAsia,text,1h 25m,Airbus A320,True,2026-02-13T07:14:24.782198
2026-06-08,DMK,departure,07:05,KUL Kuala Lumpur,FD311,Thai AirAsia,text,2h 10m,Airbus A320,True,2026-02-13T07:14:26.036042
2026-06-08,DMK,departure,07:05,UBP Ubon Ratchathani,FD3370,Thai AirAsia,text,1h 10m,Airbus A320,True,2026-02-13T07:14:27.344995
2026-06-08,DMK,departure,07:15,RGN Yangon,FD251,Thai AirAsia,text,1h 15m,Airbus A320,True,2026-02-13T07:14:28.598257
2026-06-08,DMK,departure,07:15,SNO Sakon Nakhon,DD360,Nok Air,text,1h 15m,Boeing 737-800 Passenger,True,2026-02-13T07:14:29.854931
2026-06-08,DMK,departure,07:20,HDY Hat Yai,FD3116,Thai AirAsia,text,1h 25m,Airbus A320,True,2026-02-13T07:14:31.114516
2026-06-08,DMK,departure,07:20,KOP Nakhon Phanom,SL670,Thai Lion Air,text,1h 20m,Boeing 737-800 Passenger,True,2026-02-13T07:14:32.413528
2026-06-08,DMK,departure,07:25,CJM Chumphon,FD3148,Thai AirAsia,text,1h 5m,Airbus A320,True,2026-02-13T07:14:33.663563
2026-06-08,DMK,departure,07:25,DAD Da Nang,FD634,Thai AirAsia,text,1h 40m,Airbus A321neo,True,2026-02-13T07:14:35.069919
2026-06-08,DMK,departure,07:25,TPE Taipei,FD230,Thai AirAsia,text,3h 55m,Airbus A321neo,True,2026-02-13T07:14:36.407882
2026-06-08,DMK,departure,07:25,URT Surat Thani,SL734,Thai Lion Air,text,1h 15m,Boeing 737-800 Passenger,True,2026-02-13T07:14:37.764179
2026-06-08,DMK,departure,07:30,CNX Chiang Mai,FD3445,Thai AirAsia,text,1h 10m,Airbus A320,True,2026-02-13T07:14:39.049516
2026-06-08,DMK,departure,07:30,NNT Nan,FD3554,Thai AirAsia,text,1h 20m,Airbus A320,True,2026-02-13T07:14:40.309305
2026-06-08,DMK,departure,07:30,PHS Phitsanulok,SL550,Thai Lion Air,text,1h 5m,Boeing 737-800 Passenger,True,2026-02-13T07:14:41.557100
2026-06-08,DMK,departure,07:30,SGN Ho Chi Minh City,FD656,Thai AirAsia,text,1h 45m,Airbus A320,True,2026-02-13T07:14:42.831296
2026-06-08,DMK,departure,07:30,SNO Sakon Nakhon,FD3510,Thai AirAsia,text,1h 10m,Airbus A320,True,2026-02-13T07:14:44.086880
2026-06-08,DMK,departure,07:30,UBP Ubon Ratchathani,SL620,Thai Lion Air,text,1h 10m,Boeing 737-800 Passenger,True,2026-02-13T07:14:45.456746
2026-06-08,DMK,departure,07:35,HKT Phuket,FD3029,Thai AirAsia,text,1h 25m,Airbus A320,True,2026-02-13T07:14:46.732686
2026-06-08,DMK,departure,07:35,PEN Penang,SL132,Thai Lion Air,text,1h 55m,Boeing 737-800 Passenger,True,2026-02-13T07:14:48.029774
2026-06-08,DMK,departure,07:45,HKT Phuket,SL752,Thai Lion Air,text,1h 25m,Boeing 737-900 Passenger,True,2026-02-13T07:14:49.336499
2026-06-08,DMK,departure,07:45,KOP Nakhon Phanom,FD3398,Thai AirAsia,text,1h 25m,Airbus A320,True,2026-02-13T07:14:50.642572
2026-06-08,DMK,departure,07:45,KTI Phnom Penh,FD608,Thai AirAsia,text,1h 10m,Airbus A320,True,2026-02-13T07:14:51.922687
2026-06-08,DMK,departure,07:45,SIN Singapore,SL100,Thai Lion Air,text,2h 25m,Boeing 737-900 Passenger,True,2026-02-13T07:14:53.194514
2026-06-08,DMK,departure,07:45,TST Trang,FD3241,Thai AirAsia,text,1h 35m,Airbus A320,True,2026-02-13T07:14:54.442729
2026-06-08,DMK,departure,07:50,CSX Changsha,FD480,Thai AirAsia,text,3h 20m,Airbus A320,True,2026-02-13T07:14:55.689531
2026-06-08,DMK,departure,07:55,BFV Buri Ram,FD3522,Thai AirAsia,text,1h 5m,Airbus A320,True,2026-02-13T07:14:56.968182
2026-06-08,DMK,departure,08:00,CXR Nha Trang,FD646,Thai AirAsia,text,2h 0m,Airbus A320,True,2026-02-13T07:14:58.272232
2026-06-08,DMK,departure,08:00,JHB Johor Bharu,FD512,Thai AirAsia,text,2h 15m,Airbus A320,True,2026-02-13T07:14:59.529383
2026-06-08,DMK,departure,08:00,KKC Khon Kaen,SL642,Thai Lion Air,text,1h 10m,Boeing 737-800 Passenger,True,2026-02-13T07:15:00.792142
2026-06-08,DMK,departure,08:00,KMG Kunming,FD582,Thai AirAsia,text,2h 25m,Airbus A320,True,2026-02-13T07:15:02.052453
2026-06-08,DMK,departure,08:00,UTH Udon Thani,FD3354,Thai AirAsia,text,1h 10m,Airbus A320,True,2026-02-13T07:15:03.432273
2026-06-08,DMK,departure,08:00,UTH Udon Thani,SL600,Thai Lion Air,text,1h 0m,Boeing 737-800 Passenger,True,2026-02-13T07:15:04.678618
2026-06-08,DMK,departure,08:05,CEI Chiang Rai,FD3201,Thai AirAsia,text,1h 20m,Airbus A320,True,2026-02-13T07:15:05.930623
2026-06-08,DMK,departure,08:05,TST Trang,SL824,Thai Lion Air,text,1h 25m,Boeing 737-800 Passenger,True,2026-02-13T07:15:07.194082
2026-06-08,DMK,departure,08:10,CEI Chiang Rai,SL532,Thai Lion Air,text,1h 25m,Boeing 737-900 Passenger,True,2026-02-13T07:15:08.483386
2026-06-08,DMK,departure,08:10,HKG Hong Kong,FD518,Thai AirAsia,text,2h 50m,Airbus A320,True,2026-02-13T07:15:09.819392
2026-06-08,DMK,departure,08:10,PHS Phitsanulok,FD3308,Thai AirAsia,text,0h 55m,Airbus A320,True,2026-02-13T07:15:11.100712
2026-06-08,DMK,departure,08:25,CNX Chiang Mai,FD8435,Thai AirAsia,text,1h 15m,Airbus A320,True,2026-02-13T07:15:12.364379
2026-06-08,DMK,departure,08:35,CNX Chiang Mai,SL506,Thai Lion Air,text,1h 15m,Boeing 737-900 Passenger,True,2026-02-13T07:15:13.658529
2026-06-08,DMK,departure,08:35,HDY Hat Yai,SL704,Thai Lion Air,text,1h 30m,Boeing 737-900 Passenger,True,2026-02-13T07:15:14.996397
2026-06-08,DMK,departure,08:35,KUL Kuala Lumpur,AK891,AirAsia,text,2h 15m,Airbus A320,True,2026-02-13T07:15:16.326863
2026-06-08,DMK,departure,08:40,CEI Chiang Rai,DD100,Nok Air,text,1h 25m,Boeing 737-800 Passenger,True,2026-02-13T07:15:17.598488
2026-06-08,DMK,departure,08:40,SUB Surabaya,SL268,Thai Lion Air,text,4h 0m,Boeing 737-800 Passenger,True,2026-02-13T07:15:18.914960
2026-06-08,DMK,departure,08:45,HKT Phuket,SL758,Thai Lion Air,text,1h 25m,Boeing 737-800 Passenger,True,2026-02-13T07:15:20.169179
2026-06-08,DMK,departure,08:50,RGN Yangon,8M365,MAI,text,1h 20m,Embraer 190,True,2026-02-13T07:15:21.458296
2026-06-08,DMK,departure,08:55,KBV Krabi,FD3229,Thai AirAsia,text,1h 25m,Airbus A320,True,2026-02-13T07:15:22.715276
2026-06-08,DMK,departure,08:55,KBV Krabi,SL806,Thai Lion Air,text,1h 25m,Boeing 737-900 Passenger,True,2026-02-13T07:15:24.128242
2026-06-08,DMK,departure,09:05,USM Koh Samui,PG451,Bangkok Airways,text,1h 30m,ATR 42 / ATR 72,True,2026-02-13T07:15:25.371011
2026-06-08,DMK,departure,09:05,UTH Udon Thani,SL602,Thai Lion Air,text,1h 5m,Boeing 737-800 Passenger,True,2026-02-13T07:15:26.620037
2026-06-08,DMK,departure,09:10,NNT Nan,DD172,Nok Air,text,1h 15m,Boeing 737-800 Passenger,True,2026-02-13T07:15:27.872183
2026-06-08,DMK,departure,09:15,CNX Chiang Mai,FD3435,Thai AirAsia,text,1h 15m,Airbus A320,True,2026-02-13T07:15:29.151439
2026-06-08,DMK,departure,09:15,KUL Kuala Lumpur,OD525,Batik Air,text,2h 15m,Boeing 737-800 Passenger,True,2026-02-13T07:15:30.439345
2026-06-08,DMK,departure,09:15,MLE Male,FD175,Thai AirAsia,text,4h 20m,Airbus A320,True,2026-02-13T07:15:31.703731
2026-06-08,DMK,departure,09:20,HKG Hong Kong,SL360,Thai Lion Air,text,2h 45m,Boeing 737-900 Passenger,True,2026-02-13T07:15:32.960896
2026-06-08,DMK,departure,09:35,HKT Phuket,DD522,Nok Air,text,1h 30m,Boeing 737-800 Passenger,True,2026-02-13T07:15:34.244283
2026-06-08,DMK,departure,09:40,UBP Ubon Ratchathani,DD322,Nok Air,text,1h 10m,Boeing 737-800 Passenger,True,2026-02-13T07:15:35.535947
2026-06-08,DMK,departure,09:45,DAD Da Nang,FD636,Thai AirAsia,text,1h 45m,Airbus A320,True,2026-02-13T07:15:36.787196
2026-06-08,DMK,departure,09:45,HKT Phuket,FD3037,Thai AirAsia,text,1h 25m,Airbus A320,True,2026-02-13T07:15:38.051417
2026-06-08,DMK,departure,09:45,UBP Ubon Ratchathani,SL624,Thai Lion Air,text,1h 5m,Boeing 737-900 Passenger,True,2026-02-13T07:15:39.345217
2026-06-08,DMK,departure,09:55,HAN Hanoi,FD640,Thai AirAsia,text,1h 55m,Airbus A320,True,2026-02-13T07:15:40.596323
2026-06-08,DMK,departure,09:55,MFM Macau,FD762,Thai AirAsia,text,2h 50m,Airbus A320,True,2026-02-13T07:15:41.855840
2026-06-08,DMK,departure,09:55,NST Nakhon Si Thammarat,FD3180,Thai AirAsia,text,1h 20m,Airbus A320,True,2026-02-13T07:15:43.118978
2026-06-08,DMK,departure,09:55,URT Surat Thani,FD3237,Thai AirAsia,text,1h 15m,Airbus A320,True,2026-02-13T07:15:44.394404
2026-06-08,DMK,departure,10:00,KBV Krabi,DD542,Nok Air,text,1h 25m,Boeing 737-800 Passenger,True,2026-02-13T07:15:45.710447
2026-06-08,DMK,departure,10:00,KUL Kuala Lumpur,AK881,AirAsia,text,2h 15m,Airbus A320,True,2026-02-13T07:15:47.256618
2026-06-08,DMK,departure,10:05,HKT Phuket,SL754,Thai Lion Air,text,1h 20m,Boeing 737-800 Passenger,True,2026-02-13T07:15:48.559825
2026-06-08,DMK,departure,10:10,MFM Macau,SL372,Thai Lion Air,text,2h 40m,Boeing 737-800 Passenger,True,2026-02-13T07:15:49.852103
2026-06-08,DMK,departure,10:10,SAI Siem Reap,FD610,Thai AirAsia,text,1h 0m,Airbus A320,True,2026-02-13T07:15:51.130783
2026-06-08,DMK,departure,10:15,CNX Chiang Mai,FD3427,Thai AirAsia,text,1h 10m,Airbus A321neo,True,2026-02-13T07:15:52.421668
2026-06-08,DMK,departure,10:20,HDY Hat Yai,FD3118,Thai AirAsia,text,1h 30m,Airbus A320,True,2026-02-13T07:15:53.702301
2026-06-08,DMK,departure,10:20,LOE Loei,FD3542,Thai AirAsia,text,1h 5m,Airbus A320,True,2026-02-13T07:15:54.981331
2026-06-08,DMK,departure,10:25,CNX Chiang Mai,DD124,Nok Air,text,1h 15m,Boeing 737-800 Passenger,True,2026-02-13T07:15:56.253007
2026-06-08,DMK,departure,10:30,KBV Krabi,FD3212,Thai AirAsia,text,1h 25m,Airbus A321neo,True,2026-02-13T07:15:57.532731
2026-06-08,DMK,departure,10:30,NAW Narathiwat,FD3130,Thai AirAsia,text,1h 30m,Airbus A320,True,2026-02-13T07:15:58.795792
2026-06-08,DMK,departure,10:40,HDY Hat Yai,SL706,Thai Lion Air,text,1h 25m,Boeing 737-800 Passenger,True,2026-02-13T07:16:00.097434
2026-06-08,DMK,departure,10:40,SIN Singapore,FD357,Thai AirAsia,text,2h 25m,Airbus A321neo,True,2026-02-13T07:16:01.382966
2026-06-08,DMK,departure,10:50,PEN Penang,FD323,Thai AirAsia,text,1h 45m,Airbus A320,True,2026-02-13T07:16:02.651773
2026-06-08,DMK,departure,10:55,NST Nakhon Si Thammarat,DD552,Nok Air,text,1h 20m,Boeing 737-800 Passenger,True,2026-02-13T07:16:03.914114
2026-06-08,DMK,departure,10:55,ROI Roi Et,FD3564,Thai AirAsia,text,1h 5m,Airbus A320,True,2026-02-13T07:16:05.196391
2026-06-08,DMK,departure,10:55,UBP Ubon Ratchathani,FD3374,Thai AirAsia,text,1h 10m,Airbus A320,True,2026-02-13T07:16:06.512728
2026-06-08,DMK,departure,11:00,KKC Khon Kaen,SL644,Thai Lion Air,text,1h 5m,Boeing 737-800 Passenger,True,2026-02-13T07:16:07.794019
2026-06-08,DMK,departure,11:00,KTM Kathmandu,SL220,Thai Lion Air,text,3h 30m,Boeing 737-800 Passenger,True,2026-02-13T07:16:09.078879
2026-06-08,DMK,departure,11:05,CNX Chiang Mai,SL508,Thai Lion Air,text,1h 15m,Boeing 737-900 Passenger,True,2026-02-13T07:16:10.734082
2026-06-08,DMK,departure,11:05,HKT Phuket,FD3025,Thai AirAsia,text,1h 30m,Airbus A320,True,2026-02-13T07:16:12.448678
2026-06-08,DMK,departure,11:10,LPT Lampang,FD3923,Thai AirAsia,text,1h 10m,Airbus A320,True,2026-02-13T07:16:13.792878
2026-06-08,DMK,departure,11:15,UTH Udon Thani,SL604,Thai Lion Air,text,1h 0m,Boeing 737-800 Passenger,True,2026-02-13T07:16:15.079390
2026-06-08,DMK,departure,11:20,CEI Chiang Rai,FD3209,Thai AirAsia,text,1h 20m,Airbus A320,True,2026-02-13T07:16:16.565788
2026-06-08,DMK,departure,11:20,CGK Jakarta,QZ251,Indonesia AirAsia,text,3h 35m,Airbus A320,True,2026-02-13T07:16:17.857441
2026-06-08,DMK,departure,11:20,TST Trang,DD592,Nok Air,text,1h 30m,Boeing 737-800 Passenger,True,2026-02-13T07:16:19.265446
2026-06-08,DMK,departure,11:25,HDY Hat Yai,SL708,Thai Lion Air,text,1h 25m,Boeing 737-800 Passenger,True,2026-02-13T07:16:20.576188
2026-06-08,DMK,departure,11:30,CNX Chiang Mai,SL510,Thai Lion Air,text,1h 15m,Boeing 737-800 Passenger,True,2026-02-13T07:16:22.153935
2026-06-08,DMK,departure,11:30,HKT Phuket,FD3003,Thai AirAsia,text,1h 30m,Airbus A320,True,2026-02-13T07:16:23.425437
2026-06-08,DMK,departure,11:30,KBV Krabi,FD3225,Thai AirAsia,text,1h 20m,Airbus A320,True,2026-02-13T07:16:24.703391
2026-06-08,DMK,departure,11:35,NST Nakhon Si Thammarat,SL784,Thai Lion Air,text,1h 15m,Boeing 737-800 Passenger,True,2026-02-13T07:16:25.969153
2026-06-08,DMK,departure,11:40,NNT Nan,FD3552,Thai AirAsia,text,1h 15m,Airbus A320,True,2026-02-13T07:16:27.399954
2026-06-08,DMK,departure,11:40,UNN Ranong,FD3140,Thai AirAsia,text,1h 15m,Airbus A320,True,2026-02-13T07:16:28.664406
2026-06-08,DMK,departure,11:40,URT Surat Thani,FD3239,Thai AirAsia,text,1h 15m,Airbus A321neo,True,2026-02-13T07:16:29.963440
2026-06-08,DMK,departure,11:45,KKC Khon Kaen,FD3254,Thai AirAsia,text,1h 0m,Airbus A320,True,2026-02-13T07:16:31.281859
2026-06-08,DMK,departure,11:45,KTM Kathmandu,FD182,Thai AirAsia,text,3h 30m,Airbus A320neo,True,2026-02-13T07:16:32.871845
2026-06-08,DMK,departure,11:45,NST Nakhon Si Thammarat,FD3184,Thai AirAsia,text,1h 15m,Airbus A320,True,2026-02-13T07:16:34.371765
2026-06-08,DMK,departure,11:50,KUL Kuala Lumpur,OD521,Batik Air,text,2h 15m,Boeing 737-800 Passenger,True,2026-02-13T07:16:35.845408
2026-06-08,DMK,departure,11:55,NRT Tokyo,XJ606,Thai AirAsia X,text,6h 5m,Airbus A330-300,True,2026-02-13T07:16:37.302143
2026-06-08,DMK,departure,12:00,DPS Denpasar,SL258,Thai Lion Air,text,4h 20m,Boeing 737-800 Passenger,True,2026-02-13T07:16:38.601757
2026-06-08,DMK,departure,12:00,HGH Hangzhou,FD496,Thai AirAsia,text,4h 10m,Airbus A320,True,2026-02-13T07:16:41.115972
2026-06-08,DMK,departure,12:00,JHB Johor Bharu,FD510,Thai AirAsia,text,2h 15m,Airbus A320,True,2026-02-13T07:16:46.468573
2026-06-08,DMK,departure,12:00,KIX Osaka,XJ610,Thai AirAsia X,text,5h 30m,Airbus A330-300,True,2026-02-13T07:16:49.572429
2026-06-08,DMK,departure,12:00,PQC Phu Quoc,FD660,Thai AirAsia,text,1h 20m,Airbus A320,True,2026-02-13T07:16:51.424782
2026-06-08,DMK,departure,12:05,UTH Udon Thani,FD3358,Thai AirAsia,text,1h 5m,Airbus A321neo,True,2026-02-13T07:16:53.172619
2026-06-08,DMK,departure,12:10,VTE Vientiane,FD1040,Thai AirAsia,text,1h 10m,Airbus A320,True,2026-02-13T07:16:54.530072
2026-06-08,DMK,departure,12:20,CGO Zhengzhou,SL964,Thai Lion Air,text,4h 0m,Boeing 737-800 Passenger,True,2026-02-13T07:16:55.797081
2026-06-08,DMK,departure,12:20,MNL Manila,Z2286,Philippines AirAsia,text,3h 35m,Airbus A320,True,2026-02-13T07:16:57.109226
2026-06-08,DMK,departure,12:20,UBP Ubon Ratchathani,SL626,Thai Lion Air,text,1h 5m,Boeing 737-800 Passenger,True,2026-02-13T07:16:58.586184
2026-06-08,DMK,departure,12:25,HDY Hat Yai,SL710,Thai Lion Air,text,1h 20m,Boeing 737-900 Passenger,True,2026-02-13T07:17:00.163132
2026-06-08,DMK,departure,12:25,HKT Phuket,SL756,Thai Lion Air,text,1h 25m,Boeing 737-900 Passenger,True,2026-02-13T07:17:01.847551
2026-06-08,DMK,departure,12:25,URT Surat Thani,SL736,Thai Lion Air,text,1h 15m,Boeing 737-800 Passenger,True,2026-02-13T07:17:03.224315
2026-06-08,DMK,departure,12:35,CEI Chiang Rai,SL538,Thai Lion Air,text,1h 25m,Boeing 737-900 Passenger,True,2026-02-13T07:17:04.515488
2026-06-08,DMK,departure,12:35,HKT Phuket,DD524,Nok Air,text,1h 30m,Boeing 737-800 Passenger,True,2026-02-13T07:17:05.820236
2026-06-08,DMK,departure,12:40,KNO Kuala Namu,QZ155,Indonesia AirAsia,text,2h 0m,Airbus A320,True,2026-02-13T07:17:07.108195
2026-06-08,DMK,departure,12:40,LPQ Luang Prabang,FD1030,Thai AirAsia,text,1h 25m,Airbus A320,True,2026-02-13T07:17:08.384027
2026-06-08,DMK,departure,12:45,CNX Chiang Mai,FD3433,Thai AirAsia,text,1h 15m,Airbus A320,True,2026-02-13T07:17:09.909592
2026-06-08,DMK,departure,12:45,KOP Nakhon Phanom,FD3394,Thai AirAsia,text,1h 20m,Airbus A320,True,2026-02-13T07:17:11.652756
2026-06-08,DMK,departure,12:50,UTH Udon Thani,DD306,Nok Air,text,1h 10m,Boeing 737-800 Passenger,True,2026-02-13T07:17:13.018596
2026-06-08,DMK,departure,12:50,WUH Wuhan,FD572,Thai AirAsia,text,3h 35m,Airbus A320,True,2026-02-13T07:17:14.345224
2026-06-08,DMK,departure,13:00,BFV Buri Ram,FD3520,Thai AirAsia,text,1h 0m,Airbus A320,True,2026-02-13T07:17:15.814548
2026-06-08,DMK,departure,13:00,HKT Phuket,FD3091,Thai AirAsia,text,1h 30m,Airbus A321neo,True,2026-02-13T07:17:17.113267
2026-06-08,DMK,departure,13:05,NAW Narathiwat,FD3134,Thai AirAsia,text,1h 25m,Airbus A320,True,2026-02-13T07:17:18.381913
2026-06-08,DMK,departure,13:10,CNX Chiang Mai,SL512,Thai Lion Air,text,1h 15m,Boeing 737-900 Passenger,True,2026-02-13T07:17:19.644115
2026-06-08,DMK,departure,13:10,KUL Kuala Lumpur,AK883,AirAsia,text,2h 10m,Airbus A320,True,2026-02-13T07:17:20.968234
2026-06-08,DMK,departure,13:20,CNX Chiang Mai,FD3425,Thai AirAsia,text,1h 15m,Airbus A320,True,2026-02-13T07:17:22.264880
2026-06-08,DMK,departure,13:20,MDL Mandalay,8M361,MAI,text,1h 50m,Embraer 190,True,2026-02-13T07:17:23.537482
2026-06-08,DMK,departure,13:20,NST Nakhon Si Thammarat,SL786,Thai Lion Air,text,1h 20m,Boeing 737-800 Passenger,True,2026-02-13T07:17:25.006252
2026-06-08,DMK,departure,13:25,USM Koh Samui,PG453,Bangkok Airways,text,1h 30m,ATR 42 / ATR 72,True,2026-02-13T07:17:26.405654
2026-06-08,DMK,departure,13:30,HDY Hat Yai,SL712,Thai Lion Air,text,1h 30m,Boeing 737-900 Passenger,True,2026-02-13T07:17:27.669838
2026-06-08,DMK,departure,13:30,SAI Siem Reap,FD614,Thai AirAsia,text,1h 0m,Airbus A320,True,2026-02-13T07:17:28.963428
2026-06-08,DMK,departure,13:30,SNO Sakon Nakhon,DD364,Nok Air,text,1h 15m,Boeing 737-800 Passenger,True,2026-02-13T07:17:30.243675
2026-06-08,DMK,departure,13:35,SNO Sakon Nakhon,FD3514,Thai AirAsia,text,1h 15m,Airbus A320,True,2026-02-13T07:17:31.634471
2026-06-08,DMK,departure,13:35,URT Surat Thani,DD574,Nok Air,text,1h 15m,Boeing 737-800 Passenger,True,2026-02-13T07:17:32.895793
2026-06-08,DMK,departure,13:40,CEI Chiang Rai,FD3203,Thai AirAsia,text,1h 20m,Airbus A320,True,2026-02-13T07:17:34.416952
2026-06-08,DMK,departure,13:40,CJM Chumphon,FD3146,Thai AirAsia,text,1h 5m,Airbus A320,True,2026-02-13T07:17:35.692081
2026-06-08,DMK,departure,13:40,DEL Delhi,SL244,Thai Lion Air,text,4h 0m,Boeing 737-900 Passenger,True,2026-02-13T07:17:37.003852
2026-06-08,DMK,departure,13:40,SGN Ho Chi Minh City,FD654,Thai AirAsia,text,1h 40m,Airbus A321neo,True,2026-02-13T07:17:38.274265
2026-06-08,DMK,departure,13:50,KBV Krabi,FD3223,Thai AirAsia,text,1h 20m,Airbus A320,True,2026-02-13T07:17:39.559317
2026-06-08,DMK,departure,13:50,URT Surat Thani,FD3233,Thai AirAsia,text,1h 15m,Airbus A320,True,2026-02-13T07:17:40.825546
2026-06-08,DMK,departure,13:55,HKT Phuket,FD3023,Thai AirAsia,text,1h 25m,Airbus A320,True,2026-02-13T07:17:42.123284
2026-06-08,DMK,departure,13:55,HKT Phuket,SL768,Thai Lion Air,text,1h 25m,Boeing 737-800 Passenger,True,2026-02-13T07:17:43.382622
2026-06-08,DMK,departure,14:00,KUL Kuala Lumpur,OD527,Batik Air,text,2h 15m,Boeing 737-800 Passenger,True,2026-02-13T07:17:44.689724
2026-06-08,DMK,departure,14:00,PHS Phitsanulok,SL556,Thai Lion Air,text,1h 0m,Boeing 737-800 Passenger,True,2026-02-13T07:17:45.953951
2026-06-08,DMK,departure,14:05,CNX Chiang Mai,DD132,Nok Air,text,1h 15m,Boeing 737-800 Passenger,True,2026-02-13T07:17:47.250663
2026-06-08,DMK,departure,14:15,HDY Hat Yai,FD3108,Thai AirAsia,text,1h 30m,Airbus A320,True,2026-02-13T07:17:48.549539
2026-06-08,DMK,departure,14:20,NST Nakhon Si Thammarat,DD554,Nok Air,text,1h 20m,Boeing 737-800 Passenger,True,2026-02-13T07:17:49.934037
2026-06-08,DMK,departure,14:25,KKC Khon Kaen,FD3260,Thai AirAsia,text,1h 10m,Airbus A320,True,2026-02-13T07:17:51.231348
2026-06-08,DMK,departure,14:25,NST Nakhon Si Thammarat,SL788,Thai Lion Air,text,1h 15m,Boeing 737-800 Passenger,True,2026-02-13T07:17:52.552265
2026-06-08,DMK,departure,14:30,URT Surat Thani,FD3231,Thai AirAsia,text,1h 15m,Airbus A320,True,2026-02-13T07:17:53.819794
2026-06-08,DMK,departure,14:35,CEI Chiang Rai,DD104,Nok Air,text,1h 25m,Boeing 737-800 Passenger,True,2026-02-13T07:17:55.235679
2026-06-08,DMK,departure,14:35,URT Surat Thani,SL740,Thai Lion Air,text,1h 20m,Boeing 737-800 Passenger,True,2026-02-13T07:17:56.606160
2026-06-08,DMK,departure,14:40,CNX Chiang Mai,FD3439,Thai AirAsia,text,1h 15m,Airbus A321neo,True,2026-02-13T07:17:57.920236
2026-06-08,DMK,departure,14:40,HKT Phuket,FD3007,Thai AirAsia,text,1h 30m,Airbus A320,True,2026-02-13T07:17:59.190535
2026-06-08,DMK,departure,14:40,HKT Phuket,SL766,Thai Lion Air,text,1h 25m,Boeing 737-900 Passenger,True,2026-02-13T07:18:00.476711
2026-06-08,DMK,departure,14:50,UBP Ubon Ratchathani,SL628,Thai Lion Air,text,1h 5m,Boeing 737-800 Passenger,True,2026-02-13T07:18:01.852066
2026-06-08,DMK,departure,14:55,ROI Roi Et,FD3568,Thai AirAsia,text,1h 10m,Airbus A320,True,2026-02-13T07:18:03.281787
2026-06-08,DMK,departure,15:00,HDY Hat Yai,SL714,Thai Lion Air,text,1h 30m,Boeing 737-900 Passenger,True,2026-02-13T07:18:04.571452
2026-06-08,DMK,departure,15:00,KOP Nakhon Phanom,FD3396,Thai AirAsia,text,1h 20m,Airbus A320,True,2026-02-13T07:18:05.846989
2026-06-08,DMK,departure,15:05,KTI Phnom Penh,FD606,Thai AirAsia,text,1h 15m,Airbus A320,True,2026-02-13T07:18:07.102691
2026-06-08,DMK,departure,15:10,LOE Loei,FD3548,Thai AirAsia,text,1h 10m,Airbus A320,True,2026-02-13T07:18:08.399674
2026-06-08,DMK,departure,15:15,KBV Krabi,FD3215,Thai AirAsia,text,1h 25m,Airbus A321neo,True,2026-02-13T07:18:09.675249
2026-06-08,DMK,departure,15:15,KUL Kuala Lumpur,AK885,AirAsia,text,2h 20m,Airbus A320,True,2026-02-13T07:18:10.943715
2026-06-08,DMK,departure,15:15,UTH Udon Thani,SL610,Thai Lion Air,text,1h 5m,Boeing 737-800 Passenger,True,2026-02-13T07:18:12.223601
2026-06-08,DMK,departure,15:20,HKT Phuket,FD3017,Thai AirAsia,text,1h 35m,Airbus A320,True,2026-02-13T07:18:13.594019
2026-06-08,DMK,departure,15:20,UBP Ubon Ratchathani,FD3360,Thai AirAsia,text,1h 10m,Airbus A320,True,2026-02-13T07:18:14.863845
2026-06-08,DMK,departure,15:25,PHS Phitsanulok,FD3306,Thai AirAsia,text,1h 0m,Airbus A320,True,2026-02-13T07:18:16.146865
2026-06-08,DMK,departure,15:30,HKG Hong Kong,SL364,Thai Lion Air,text,2h 45m,Boeing 737-900 Passenger,True,2026-02-13T07:18:17.427249
2026-06-08,DMK,departure,15:30,MAQ Mae Sot,DD196,Nok Air,text,0h 55m,Boeing 737-800 Passenger,True,2026-02-13T07:18:18.723085
2026-06-08,DMK,departure,15:30,TST Trang,SL826,Thai Lion Air,text,1h 25m,Boeing 737-800 Passenger,True,2026-02-13T07:18:20.015194
2026-06-08,DMK,departure,15:35,HDY Hat Yai,FD3114,Thai AirAsia,text,1h 30m,Airbus A320,True,2026-02-13T07:18:21.328663
2026-06-08,DMK,departure,15:35,PEN Penang,FD321,Thai AirAsia,text,1h 50m,Airbus A320,True,2026-02-13T07:18:22.594884
2026-06-08,DMK,departure,15:35,UNN Ranong,FD3142,Thai AirAsia,text,1h 15m,Airbus A320,True,2026-02-13T07:18:23.904490
2026-06-08,DMK,departure,15:40,KKC Khon Kaen,SL646,Thai Lion Air,text,1h 10m,Boeing 737-800 Passenger,True,2026-02-13T07:18:25.199933
2026-06-08,DMK,departure,15:40,UTH Udon Thani,FD3362,Thai AirAsia,text,1h 15m,Airbus A320,True,2026-02-13T07:18:26.470878
2026-06-08,DMK,departure,15:45,CNX Chiang Mai,FD3431,Thai AirAsia,text,1h 15m,Airbus A320,True,2026-02-13T07:18:27.749071
2026-06-08,DMK,departure,15:55,CEI Chiang Rai,FD3207,Thai AirAsia,text,1h 25m,Airbus A321neo,True,2026-02-13T07:18:29.029024
2026-06-08,DMK,departure,15:55,DAD Da Nang,FD638,Thai AirAsia,text,1h 45m,Airbus A320,True,2026-02-13T07:18:30.322418
2026-06-08,DMK,departure,16:00,CGK Jakarta,SL118,Thai Lion Air,text,3h 30m,Boeing 737-800 Passenger,True,2026-02-13T07:18:31.592711
2026-06-08,DMK,departure,16:00,KUL Kuala Lumpur,AK887,AirAsia,text,2h 20m,Airbus A320,True,2026-02-13T07:18:32.867288
2026-06-08,DMK,departure,16:00,UBP Ubon Ratchathani,DD326,Nok Air,text,1h 10m,Boeing 737-800 Passenger,True,2026-02-13T07:18:34.133340
2026-06-08,DMK,departure,16:15,KBV Krabi,FD3221,Thai AirAsia,text,1h 25m,Airbus A320,True,2026-02-13T07:18:35.418053
2026-06-08,DMK,departure,16:15,URT Surat Thani,FD3331,Thai AirAsia,text,1h 15m,Airbus A320,True,2026-02-13T07:18:36.670656
2026-06-08,DMK,departure,16:25,HKT Phuket,SL760,Thai Lion Air,text,1h 25m,Boeing 737-800 Passenger,True,2026-02-13T07:18:37.941858
2026-06-08,DMK,departure,16:25,KBV Krabi,SL814,Thai Lion Air,text,1h 15m,Boeing 737-800 Passenger,True,2026-02-13T07:18:39.284090
2026-06-08,DMK,departure,16:30,HKT Phuket,FD3021,Thai AirAsia,text,1h 25m,Airbus A320,True,2026-02-13T07:18:40.572662
2026-06-08,DMK,departure,16:30,TST Trang,FD3245,Thai AirAsia,text,1h 35m,Airbus A320,True,2026-02-13T07:18:41.825765
2026-06-08,DMK,departure,16:35,CNX Chiang Mai,DD134,Nok Air,text,1h 15m,Boeing 737-800 Passenger,True,2026-02-13T07:18:43.100978
2026-06-08,DMK,departure,16:45,CNX Chiang Mai,SL514,Thai Lion Air,text,1h 15m,Boeing 737-900 Passenger,True,2026-02-13T07:18:44.406524
2026-06-08,DMK,departure,16:45,SIN Singapore,FD351,Thai AirAsia,text,2h 20m,Airbus A320,True,2026-02-13T07:18:45.667410
2026-06-08,DMK,departure,16:45,TSN Tianjin,SL992,Thai Lion Air,text,4h 40m,Boeing 737-900 Passenger,True,2026-02-13T07:18:46.940726
2026-06-08,DMK,departure,16:45,URT Surat Thani,SL746,Thai Lion Air,text,1h 15m,Boeing 737-900 Passenger,True,2026-02-13T07:18:48.243898
2026-06-08,DMK,departure,16:45,XIY Xian,FD588,Thai AirAsia,text,3h 50m,Airbus A320,True,2026-02-13T07:18:49.571464
2026-06-08,DMK,departure,16:50,CNX Chiang Mai,FD3441,Thai AirAsia,text,1h 15m,Airbus A320,True,2026-02-13T07:18:51.043191
2026-06-08,DMK,departure,16:55,HKT Phuket,DD528,Nok Air,text,1h 30m,Boeing 737-800 Passenger,True,2026-02-13T07:18:52.379672
2026-06-08,DMK,departure,16:55,KKC Khon Kaen,FD3256,Thai AirAsia,text,1h 5m,Airbus A321neo,True,2026-02-13T07:18:53.643219
2026-06-08,DMK,departure,16:55,RGN Yangon,FD253,Thai AirAsia,text,1h 20m,Airbus A320,True,2026-02-13T07:18:54.969223
2026-06-08,DMK,departure,16:55,UBP Ubon Ratchathani,FD3378,Thai AirAsia,text,1h 15m,Airbus A320,True,2026-02-13T07:18:56.352594
2026-06-08,DMK,departure,17:00,DEL Delhi,XJ230,Thai AirAsia X,text,4h 20m,Airbus A330-300,True,2026-02-13T07:18:57.694071
2026-06-08,DMK,departure,17:00,LPT Lampang,FD3925,Thai AirAsia,text,1h 10m,Airbus A320,True,2026-02-13T07:18:58.961444
2026-06-08,DMK,departure,17:00,PHS Phitsanulok,FD3310,Thai AirAsia,text,1h 0m,Airbus A320,True,2026-02-13T07:19:00.240978
2026-06-08,DMK,departure,17:05,KBV Krabi,DD546,Nok Air,text,1h 20m,Boeing 737-800 Passenger,True,2026-02-13T07:19:01.510333
2026-06-08,DMK,departure,17:05,SIN Singapore,SL104,Thai Lion Air,text,2h 25m,Boeing 737-800 Passenger,True,2026-02-13T07:19:02.801918
2026-06-08,DMK,departure,17:10,CGK Jakarta,QG513,Citilink,text,3h 20m,Airbus A320,True,2026-02-13T07:19:04.080347
2026-06-08,DMK,departure,17:10,KBV Krabi,SL812,Thai Lion Air,text,1h 25m,Boeing 737-900 Passenger,True,2026-02-13T07:19:05.343734
2026-06-08,DMK,departure,17:15,TFU Chengdu,SL932,Thai Lion Air,text,3h 0m,Boeing 737-900 Passenger,True,2026-02-13T07:19:06.612267
2026-06-08,DMK,departure,17:20,HGH Hangzhou,SL920,Thai Lion Air,text,4h 0m,Boeing 737-900 Passenger,True,2026-02-13T07:19:07.960211
2026-06-08,DMK,departure,17:20,KBV Krabi,FD3227,Thai AirAsia,text,1h 30m,Airbus A320,True,2026-02-13T07:19:09.418151
2026-06-08,DMK,departure,17:25,KOP Nakhon Phanom,SL674,Thai Lion Air,text,1h 20m,Boeing 737-800 Passenger,True,2026-02-13T07:19:10.696421
2026-06-08,DMK,departure,17:25,MFM Macau,SL370,Thai Lion Air,text,2h 40m,Boeing 737-800 Passenger,True,2026-02-13T07:19:12.038455
2026-06-08,DMK,departure,17:35,NST Nakhon Si Thammarat,SL792,Thai Lion Air,text,1h 15m,Boeing 737-800 Passenger,True,2026-02-13T07:19:13.320025
2026-06-08,DMK,departure,17:35,SZB Kuala Lumpur,OD533,Batik Air,text,2h 5m,Boeing 737-800 Passenger,True,2026-02-13T07:19:14.600947
2026-06-08,DMK,departure,17:40,HDY Hat Yai,FD3110,Thai AirAsia,text,1h 30m,Airbus A320,True,2026-02-13T07:19:15.893885
2026-06-08,DMK,departure,17:45,NNT Nan,FD3558,Thai AirAsia,text,1h 20m,Airbus A320,True,2026-02-13T07:19:17.208172
2026-06-08,DMK,departure,17:50,HKT Phuket,FD3027,Thai AirAsia,text,1h 25m,Airbus A321neo,True,2026-02-13T07:19:18.502195
2026-06-08,DMK,departure,17:50,KNO Kuala Namu,QZ157,Indonesia AirAsia,text,2h 0m,Airbus A320,True,2026-02-13T07:19:19.773629
2026-06-08,DMK,departure,17:55,CJM Chumphon,DD604,Nok Air,text,1h 5m,Boeing 737-800 Passenger,True,2026-02-13T07:19:21.047046
2026-06-08,DMK,departure,17:55,KOP Nakhon Phanom,FD3342,Thai AirAsia,text,1h 20m,Airbus A320,True,2026-02-13T07:19:22.353594
2026-06-08,DMK,departure,17:55,UBP Ubon Ratchathani,FD3372,Thai AirAsia,text,1h 10m,Airbus A320,True,2026-02-13T07:19:23.637277
2026-06-08,DMK,departure,18:00,HKT Phuket,SL762,Thai Lion Air,text,1h 25m,Boeing 737-800 Passenger,True,2026-02-13T07:19:24.905539
2026-06-08,DMK,departure,18:00,PHS Phitsanulok,DD208,Nok Air,text,1h 0m,Boeing 737-800 Passenger,True,2026-02-13T07:19:26.169566
2026-06-08,DMK,departure,18:00,UTH Udon Thani,FD3356,Thai AirAsia,text,1h 15m,Airbus A320,True,2026-02-13T07:19:27.496994
2026-06-08,DMK,departure,18:05,KUL Kuala Lumpur,OD529,Batik Air,text,2h 15m,Boeing 737-800 Passenger,True,2026-02-13T07:19:28.955798
2026-06-08,DMK,departure,18:10,CNX Chiang Mai,FD3429,Thai AirAsia,text,1h 15m,Airbus A321neo,True,2026-02-13T07:19:30.236909
2026-06-08,DMK,departure,18:15,AMD Ahmedabad,FD144,Thai AirAsia,text,4h 25m,Airbus A320neo,True,2026-02-13T07:19:31.520852
2026-06-08,DMK,departure,18:15,ROI Roi Et,FD3562,Thai AirAsia,text,1h 5m,Airbus A320,True,2026-02-13T07:19:32.833661
2026-06-08,DMK,departure,18:15,USM Koh Samui,PG455,Bangkok Airways,text,1h 30m,ATR 42 / ATR 72,True,2026-02-13T07:19:34.087400
2026-06-08,DMK,departure,18:20,CGK Jakarta,QZ257,Indonesia AirAsia,text,3h 30m,Airbus A320,True,2026-02-13T07:19:36.003708
2026-06-08,DMK,departure,18:20,HDY Hat Yai,DD508,Nok Air,text,1h 30m,Boeing 737-800 Passenger,True,2026-02-13T07:19:37.278212
2026-06-08,DMK,departure,18:20,HDY Hat Yai,FD3104,Thai AirAsia,text,1h 30m,Airbus A321neo,True,2026-02-13T07:19:38.665424
2026-06-08,DMK,departure,18:20,HDY Hat Yai,SL716,Thai Lion Air,text,1h 30m,Boeing 737-800 Passenger,True,2026-02-13T07:19:39.922925
2026-06-08,DMK,departure,18:25,HAN Hanoi,FD644,Thai AirAsia,text,1h 55m,Airbus A320,True,2026-02-13T07:19:41.194735
2026-06-08,DMK,departure,18:25,NST Nakhon Si Thammarat,FD3182,Thai AirAsia,text,1h 15m,Airbus A320,True,2026-02-13T07:19:42.460738
2026-06-08,DMK,departure,18:30,CEI Chiang Rai,SL544,Thai Lion Air,text,1h 25m,Boeing 737-800 Passenger,True,2026-02-13T07:19:43.762398
2026-06-08,DMK,departure,18:30,SZX Shenzhen,FD596,Thai AirAsia,text,2h 55m,Airbus A320,True,2026-02-13T07:19:45.175986
2026-06-08,DMK,departure,18:35,HKT Phuket,FD3009,Thai AirAsia,text,1h 20m,Airbus A320,True,2026-02-13T07:19:46.446754
2026-06-08,DMK,departure,18:35,KUL Kuala Lumpur,AK893,AirAsia,text,2h 15m,Airbus A320,True,2026-02-13T07:19:47.709872
2026-06-08,DMK,departure,18:45,NST Nakhon Si Thammarat,SL794,Thai Lion Air,text,1h 15m,Boeing 737-800 Passenger,True,2026-02-13T07:19:49.074534
2026-06-08,DMK,departure,18:50,UTH Udon Thani,SL616,Thai Lion Air,text,1h 5m,Boeing 737-800 Passenger,True,2026-02-13T07:19:50.399278
2026-06-08,DMK,departure,18:55,KKC Khon Kaen,FD3258,Thai AirAsia,text,1h 5m,Airbus A320,True,2026-02-13T07:19:51.677380
2026-06-08,DMK,departure,18:55,RGN Yangon,8M363,MAI,text,1h 20m,Embraer 190,True,2026-02-13T07:19:52.956118
2026-06-08,DMK,departure,19:05,CAN Guangzhou,FD530,Thai AirAsia,text,3h 5m,Airbus A320,True,2026-02-13T07:19:54.306624
2026-06-08,DMK,departure,19:05,UTH Udon Thani,FD3350,Thai AirAsia,text,1h 10m,Airbus A320,True,2026-02-13T07:19:55.698581
2026-06-08,DMK,departure,19:10,HKT Phuket,FD3011,Thai AirAsia,text,1h 25m,Airbus A320,True,2026-02-13T07:19:56.960148
2026-06-08,DMK,departure,19:25,CNX Chiang Mai,FD3443,Thai AirAsia,text,1h 15m,Airbus A320,True,2026-02-13T07:19:58.231907
2026-06-08,DMK,departure,19:25,SGN Ho Chi Minh City,FD658,Thai AirAsia,text,1h 40m,Airbus A320,True,2026-02-13T07:19:59.529497
2026-06-08,DMK,departure,19:30,ALA Almaty,XJ864,Thai AirAsia X,text,6h 40m,Airbus A330-300,True,2026-02-13T07:20:00.793432
2026-06-08,DMK,departure,19:30,CNX Chiang Mai,SL520,Thai Lion Air,text,1h 15m,Boeing 737-900 Passenger,True,2026-02-13T07:20:02.058856
2026-06-08,DMK,departure,19:30,HKT Phuket,SL764,Thai Lion Air,text,1h 25m,Boeing 737-900 Passenger,True,2026-02-13T07:20:03.337958
2026-06-08,DMK,departure,19:40,KUL Kuala Lumpur,AK889,AirAsia,text,2h 10m,Airbus A320,True,2026-02-13T07:20:04.625821
2026-06-08,DMK,departure,19:45,CEI Chiang Rai,FD3205,Thai AirAsia,text,1h 20m,Airbus A321neo,True,2026-02-13T07:20:05.890131
2026-06-08,DMK,departure,19:45,HDY Hat Yai,SL724,Thai Lion Air,text,1h 25m,Boeing 737-800 Passenger,True,2026-02-13T07:20:07.161675
2026-06-08,DMK,departure,19:55,ATQ Amritsar,SL214,Thai Lion Air,text,4h 35m,Boeing 737-800 Passenger,True,2026-02-13T07:20:08.431513
2026-06-08,DMK,departure,19:55,HKT Phuket,FD3031,Thai AirAsia,text,1h 35m,Airbus A321neo,True,2026-02-13T07:20:09.768114
2026-06-08,DMK,departure,20:00,XIY Xian,SL950,Thai Lion Air,text,3h 35m,Boeing 737-800 Passenger,True,2026-02-13T07:20:11.020354
2026-06-08,DMK,departure,20:05,HDY Hat Yai,FD3112,Thai AirAsia,text,1h 25m,Airbus A321neo,True,2026-02-13T07:20:12.300201
2026-06-08,DMK,departure,20:15,KUL Kuala Lumpur,OD523,Batik Air,text,2h 10m,Boeing 737-800 Passenger,True,2026-02-13T07:20:13.678734
2026-06-08,DMK,departure,20:15,LKO Lucknow,FD146,Thai AirAsia,text,3h 50m,Airbus A320neo,True,2026-02-13T07:20:14.986889
2026-06-08,DMK,departure,20:20,CMB Colombo,FD140,Thai AirAsia,text,3h 25m,Airbus A320,True,2026-02-13T07:20:16.339779
2026-06-08,DMK,departure,20:20,COK Kochi,FD170,Thai AirAsia,text,3h 40m,Airbus A320,True,2026-02-13T07:20:17.789505
2026-06-08,DMK,departure,20:35,BLR Bengaluru,FD137,Thai AirAsia,text,3h 35m,Airbus A320,True,2026-02-13T07:20:19.129209
2026-06-08,DMK,departure,20:35,HKT Phuket,FD3013,Thai AirAsia,text,1h 20m,Airbus A320,True,2026-02-13T07:20:20.420877
2026-06-08,DMK,departure,20:40,CGK Jakarta,QZ253,Indonesia AirAsia,text,3h 25m,Airbus A320,True,2026-02-13T07:20:21.694561
2026-06-08,DMK,departure,20:50,BOM Mumbai,SL218,Thai Lion Air,text,4h 15m,Boeing 737-800 Passenger,True,2026-02-13T07:20:22.958551
2026-06-08,DMK,departure,20:50,CNX Chiang Mai,FD8439,Thai AirAsia,text,1h 15m,Airbus A320,True,2026-02-13T07:20:24.224135
2026-06-08,DMK,departure,20:50,HYD Hyderabad,FD118,Thai AirAsia,text,3h 35m,Airbus A320,True,2026-02-13T07:20:25.543363
2026-06-08,DMK,departure,21:00,CNX Chiang Mai,DD148,Nok Air,text,1h 15m,Boeing 737-800 Passenger,True,2026-02-13T07:20:26.810793
2026-06-08,DMK,departure,21:05,BLR Bengaluru,SL216,Thai Lion Air,text,3h 55m,Boeing 737-900 Passenger,True,2026-02-13T07:20:28.086533
2026-06-08,DMK,departure,21:05,HKT Phuket,DD536,Nok Air,text,1h 30m,Boeing 737-800 Passenger,True,2026-02-13T07:20:29.362680
2026-06-08,DMK,departure,21:10,MAA Chennai,FD153,Thai AirAsia,text,3h 15m,Airbus A320,True,2026-02-13T07:20:30.688107
2026-06-08,DMK,departure,21:15,DVO Davao,5J5965,Cebu Pacific,text,4h 30m,Airbus A320neo,True,2026-02-13T07:20:31.959183
2026-06-08,DMK,departure,21:30,KUL Kuala Lumpur,AK897,AirAsia,text,2h 15m,Airbus A320,True,2026-02-13T07:20:33.236025
2026-06-08,DMK,departure,21:45,CKG Chongqing,SL930,Thai Lion Air,text,3h 5m,Boeing 737-800 Passenger,True,2026-02-13T07:20:34.501733
2026-06-08,DMK,departure,21:45,CNX Chiang Mai,FD3419,Thai AirAsia,text,1h 15m,Airbus A320,True,2026-02-13T07:20:35.801745
2026-06-08,DMK,departure,21:50,HKT Phuket,SL770,Thai Lion Air,text,1h 25m,Boeing 737-800 Passenger,True,2026-02-13T07:20:37.064392
2026-06-08,DMK,departure,21:50,TFU Chengdu,FD562,Thai AirAsia,text,3h 10m,Airbus A320,True,2026-02-13T07:20:38.335962
2026-06-08,DMK,departure,21:55,GAU Guwahati,FD124,Thai AirAsia,text,2h 45m,Airbus A320,True,2026-02-13T07:20:39.598410
2026-06-08,DMK,departure,22:00,CAN Guangzhou,SL900,Thai Lion Air,text,2h 50m,Boeing 737-800 Passenger,True,2026-02-13T07:20:40.912689
2026-06-08,DMK,departure,22:55,CCU Kolkata,FD120,Thai AirAsia,text,2h 34m,Airbus A320,True,2026-02-13T07:20:42.260306
2026-06-08,DMK,departure,23:10,MNL Manila,5J864,Cebu Pacific,text,3h 35m,Airbus A321neo,True,2026-02-13T07:20:43.678179
2026-06-08,DMK,departure,23:40,MAA Chennai,FD163,Thai AirAsia,text,3h 20m,Airbus A320,True,2026-02-13T07:20:44.942363
2026-06-08,DMK,departure,23:55,NRT Tokyo,XJ600,Thai AirAsia X,text,6h 5m,Airbus A330-300,True,2026-02-13T07:20:46.357769
2026-06-08,DMK,arrival,00:15,TPE Taipei,SL395,Thai Lion Air,text,3h 55m,Boeing 737-900 Passenger,True,2026-02-13T07:21:10.901984
2026-06-08,DMK,arrival,00:20,TFU Chengdu,SL933,Thai Lion Air,text,3h 5m,Boeing 737-900 Passenger,True,2026-02-13T07:21:12.188411
2026-06-08,DMK,arrival,00:40,CNX Chiang Mai,FD3420,Thai AirAsia,text,1h 10m,Airbus A320,True,2026-02-13T07:21:13.522182
2026-06-08,DMK,arrival,01:15,SZX Shenzhen,FD597,Thai AirAsia,text,2h 45m,Airbus A320,True,2026-02-13T07:21:14.895072
2026-06-08,DMK,arrival,01:30,KIX Osaka,XJ611,Thai AirAsia X,text,6h 30m,Airbus A330-300,True,2026-02-13T07:21:16.457675
2026-06-08,DMK,arrival,01:40,XIY Xian,FD589,Thai AirAsia,text,3h 50m,Airbus A320,True,2026-02-13T07:21:17.773758
2026-06-08,DMK,arrival,01:55,CAN Guangzhou,FD531,Thai AirAsia,text,2h 45m,Airbus A320,True,2026-02-13T07:21:19.197627
2026-06-08,DMK,arrival,02:40,HGH Hangzhou,SL921,Thai Lion Air,text,4h 20m,Boeing 737-900 Passenger,True,2026-02-13T07:21:20.479123
2026-06-08,DMK,arrival,02:40,DEL Delhi,XJ231,Thai AirAsia X,text,4h 15m,Airbus A330-300,True,2026-02-13T07:21:21.905129
2026-06-08,DMK,arrival,02:40,NRT Tokyo,XJ607,Thai AirAsia X,text,7h 25m,Airbus A330-300,True,2026-02-13T07:21:23.244493
2026-06-08,DMK,arrival,03:45,GAU Guwahati,FD125,Thai AirAsia,text,2h 35m,Airbus A320,True,2026-02-13T07:21:24.627414
2026-06-08,DMK,arrival,04:00,LKO Lucknow,FD147,Thai AirAsia,text,3h 25m,Airbus A320neo,True,2026-02-13T07:21:26.065084
2026-06-08,DMK,arrival,04:15,CMB Colombo,FD141,Thai AirAsia,text,3h 30m,Airbus A320,True,2026-02-13T07:21:27.526778
2026-06-08,DMK,arrival,04:15,JAI Jaipur,FD131,Thai AirAsia,text,4h 10m,Airbus A320neo,True,2026-02-13T07:21:28.947638
2026-06-08,DMK,arrival,04:20,MAA Chennai,FD154,Thai AirAsia,text,3h 25m,Airbus A320,True,2026-02-13T07:21:30.526078
2026-06-08,DMK,arrival,04:25,BLR Bengaluru,FD138,Thai AirAsia,text,3h 35m,Airbus A320,True,2026-02-13T07:21:31.816252
2026-06-08,DMK,arrival,04:30,CCU Kolkata,FD121,Thai AirAsia,text,2h 30m,Airbus A320,True,2026-02-13T07:21:33.089658
2026-06-08,DMK,arrival,04:30,HYD Hyderabad,FD119,Thai AirAsia,text,3h 35m,Airbus A320,True,2026-02-13T07:21:34.386094
2026-06-08,DMK,arrival,04:40,COK Kochi,FD171,Thai AirAsia,text,4h 0m,Airbus A320,True,2026-02-13T07:21:35.673999
2026-06-08,DMK,arrival,04:40,XIY Xian,SL951,Thai Lion Air,text,4h 5m,Boeing 737-800 Passenger,True,2026-02-13T07:21:36.967357
2026-06-08,DMK,arrival,04:50,CAN Guangzhou,SL901,Thai Lion Air,text,3h 0m,Boeing 737-800 Passenger,True,2026-02-13T07:21:38.265577
2026-06-08,DMK,arrival,05:00,TFU Chengdu,FD563,Thai AirAsia,text,3h 10m,Airbus A320,True,2026-02-13T07:21:39.577111
2026-06-08,DMK,arrival,05:00,CKG Chongqing,SL931,Thai Lion Air,text,3h 10m,Boeing 737-800 Passenger,True,2026-02-13T07:21:40.865847
2026-06-08,DMK,arrival,05:25,SZX Shenzhen,SL903,Thai Lion Air,text,2h 45m,Boeing 737-800 Passenger,True,2026-02-13T07:21:42.142418
2026-06-08,DMK,arrival,05:35,CEB Cebu City,5J5958,Cebu Pacific,text,4h 5m,Airbus A321neo,True,2026-02-13T07:21:43.432341
2026-06-08,DMK,arrival,06:10,BLR Bengaluru,SL217,Thai Lion Air,text,4h 10m,Boeing 737-900 Passenger,True,2026-02-13T07:21:44.746119
2026-06-08,DMK,arrival,06:10,PVG Shanghai,SL927,Thai Lion Air,text,4h 30m,Boeing 737-900 Passenger,True,2026-02-13T07:21:46.039105
2026-06-08,DMK,arrival,06:30,BOM Mumbai,SL219,Thai Lion Air,text,4h 20m,Boeing 737-800 Passenger,True,2026-02-13T07:21:47.353196
2026-06-08,DMK,arrival,06:35,CCU Kolkata,SL243,Thai Lion Air,text,2h 30m,Boeing 737-800 Passenger,True,2026-02-13T07:21:48.640929
2026-06-08,DMK,arrival,07:10,MAA Chennai,FD164,Thai AirAsia,text,3h 30m,Airbus A320,True,2026-02-13T07:21:49.990420
2026-06-08,DMK,arrival,07:15,AMD Ahmedabad,SL213,Thai Lion Air,text,4h 20m,Boeing 737-800 Passenger,True,2026-02-13T07:21:51.273154
2026-06-08,DMK,arrival,07:15,MAA Chennai,SL241,Thai Lion Air,text,3h 45m,Boeing 737-800 Passenger,True,2026-02-13T07:21:52.568153
2026-06-08,DMK,arrival,07:50,RGN Yangon,8M364,MAI,text,1h 20m,Embraer 190,True,2026-02-13T07:21:53.862279
2026-06-08,DMK,arrival,07:50,KUL Kuala Lumpur,AK890,AirAsia,text,2h 15m,Airbus A320,True,2026-02-13T07:21:55.203903
2026-06-08,DMK,arrival,08:05,CNX Chiang Mai,DD123,Nok Air,text,1h 15m,Boeing 737-800 Passenger,True,2026-02-13T07:21:57.078997
2026-06-08,DMK,arrival,08:05,CNX Chiang Mai,FD3417,Thai AirAsia,text,1h 15m,Airbus A320,True,2026-02-13T07:21:58.431217
2026-06-08,DMK,arrival,08:15,KUL Kuala Lumpur,OD524,Batik Air,text,2h 15m,Boeing 737-800 Passenger,True,2026-02-13T07:21:59.746266
2026-06-08,DMK,arrival,08:15,COK Kochi,SL211,Thai Lion Air,text,4h 25m,Boeing 737-800 Passenger,True,2026-02-13T07:22:01.068497
2026-06-08,DMK,arrival,08:25,USM Koh Samui,PG450,Bangkok Airways,text,1h 30m,ATR 42 / ATR 72,True,2026-02-13T07:22:02.349671
2026-06-08,DMK,arrival,08:40,UTH Udon Thani,DD301,Nok Air,text,1h 0m,Boeing 737-800 Passenger,True,2026-02-13T07:22:03.626755
2026-06-08,DMK,arrival,09:00,URT Surat Thani,DD571,Nok Air,text,1h 15m,Boeing 737-800 Passenger,True,2026-02-13T07:22:04.933047
2026-06-08,DMK,arrival,09:00,UTH Udon Thani,FD3349,Thai AirAsia,text,1h 0m,Airbus A320,True,2026-02-13T07:22:06.229113
2026-06-08,DMK,arrival,09:10,HKT Phuket,DD539,Nok Air,text,1h 30m,Boeing 737-800 Passenger,True,2026-02-13T07:22:07.525101
2026-06-08,DMK,arrival,09:10,NST Nakhon Si Thammarat,DD551,Nok Air,text,1h 20m,Boeing 737-800 Passenger,True,2026-02-13T07:22:08.818918
2026-06-08,DMK,arrival,09:15,HKT Phuket,FD3036,Thai AirAsia,text,1h 20m,Airbus A320,True,2026-02-13T07:22:10.175065
2026-06-08,DMK,arrival,09:15,HKT Phuket,SL771,Thai Lion Air,text,1h 25m,Boeing 737-800 Passenger,True,2026-02-13T07:22:11.499188
2026-06-08,DMK,arrival,09:20,VTE Vientiane,FD1043,Thai AirAsia,text,1h 10m,Airbus A320,True,2026-02-13T07:22:12.790367
2026-06-08,DMK,arrival,09:25,KKC Khon Kaen,FD3251,Thai AirAsia,text,0h 50m,Airbus A320,True,2026-02-13T07:22:14.053117
2026-06-08,DMK,arrival,09:25,ROI Roi Et,FD3567,Thai AirAsia,text,1h 0m,Airbus A320,True,2026-02-13T07:22:15.498137
2026-06-08,DMK,arrival,09:25,CNX Chiang Mai,SL503,Thai Lion Air,text,1h 15m,Boeing 737-900 Passenger,True,2026-02-13T07:22:16.857861
2026-06-08,DMK,arrival,09:30,KUL Kuala Lumpur,AK880,AirAsia,text,2h 10m,Airbus A320,True,2026-02-13T07:22:18.136955
2026-06-08,DMK,arrival,09:30,CNX Chiang Mai,DD121,Nok Air,text,1h 15m,Boeing 737-800 Passenger,True,2026-02-13T07:22:19.411488
2026-06-08,DMK,arrival,09:40,CNX Chiang Mai,FD3438,Thai AirAsia,text,1h 10m,Airbus A321neo,True,2026-02-13T07:22:20.715880
2026-06-08,DMK,arrival,09:40,HKT Phuket,FD3002,Thai AirAsia,text,1h 25m,Airbus A321neo,True,2026-02-13T07:22:22.041610
2026-06-08,DMK,arrival,09:45,KBV Krabi,SL801,Thai Lion Air,text,1h 20m,Boeing 737-800 Passenger,True,2026-02-13T07:22:23.311693
2026-06-08,DMK,arrival,09:50,NST Nakhon Si Thammarat,FD3189,Thai AirAsia,text,1h 15m,Airbus A320,True,2026-02-13T07:22:24.578548
2026-06-08,DMK,arrival,09:50,UBP Ubon Ratchathani,FD3371,Thai AirAsia,text,1h 5m,Airbus A320,True,2026-02-13T07:22:25.848704
2026-06-08,DMK,arrival,09:50,HDY Hat Yai,SL703,Thai Lion Air,text,1h 25m,Boeing 737-800 Passenger,True,2026-02-13T07:22:27.164627
2026-06-08,DMK,arrival,10:00,CJM Chumphon,FD3149,Thai AirAsia,text,1h 0m,Airbus A320,True,2026-02-13T07:22:28.438210
2026-06-08,DMK,arrival,10:00,CGK Jakarta,SL117,Thai Lion Air,text,3h 30m,Boeing 737-800 Passenger,True,2026-02-13T07:22:29.704426
2026-06-08,DMK,arrival,10:05,HDY Hat Yai,FD3103,Thai AirAsia,text,1h 25m,Airbus A320,True,2026-02-13T07:22:30.994770
2026-06-08,DMK,arrival,10:05,URT Surat Thani,FD3236,Thai AirAsia,text,1h 15m,Airbus A321neo,True,2026-02-13T07:22:32.303884
2026-06-08,DMK,arrival,10:10,SNO Sakon Nakhon,DD361,Nok Air,text,1h 10m,Boeing 737-800 Passenger,True,2026-02-13T07:22:33.581516
2026-06-08,DMK,arrival,10:10,SNO Sakon Nakhon,FD3511,Thai AirAsia,text,1h 0m,Airbus A320,True,2026-02-13T07:22:34.856385
2026-06-08,DMK,arrival,10:10,HKT Phuket,SL751,Thai Lion Air,text,1h 20m,Boeing 737-900 Passenger,True,2026-02-13T07:22:36.141693
2026-06-08,DMK,arrival,10:10,KBV Krabi,SL815,Thai Lion Air,text,1h 20m,Boeing 737-800 Passenger,True,2026-02-13T07:22:37.434993
2026-06-08,DMK,arrival,10:10,PVG Shanghai,XJ761,Thai AirAsia X,text,4h 20m,Airbus A330-300,True,2026-02-13T07:22:38.735964
2026-06-08,DMK,arrival,10:15,CEI Chiang Rai,FD3200,Thai AirAsia,text,1h 15m,Airbus A320,True,2026-02-13T07:22:40.010330
2026-06-08,DMK,arrival,10:15,KBV Krabi,FD3214,Thai AirAsia,text,1h 20m,Airbus A320,True,2026-02-13T07:22:41.287750
2026-06-08,DMK,arrival,10:15,RGN Yangon,FD252,Thai AirAsia,text,1h 15m,Airbus A320,True,2026-02-13T07:22:42.554154
2026-06-08,DMK,arrival,10:15,NST Nakhon Si Thammarat,SL783,Thai Lion Air,text,1h 15m,Boeing 737-800 Passenger,True,2026-02-13T07:22:43.956945
2026-06-08,DMK,arrival,10:15,PHS Phitsanulok,SL551,Thai Lion Air,text,1h 0m,Boeing 737-800 Passenger,True,2026-02-13T07:22:45.408225
2026-06-08,DMK,arrival,10:15,ALA Almaty,XJ865,Thai AirAsia X,text,6h 45m,Airbus A330-300,True,2026-02-13T07:22:46.852917
2026-06-08,DMK,arrival,10:20,PHS Phitsanulok,FD3309,Thai AirAsia,text,0h 45m,Airbus A320,True,2026-02-13T07:22:48.199321
2026-06-08,DMK,arrival,10:25,BFV Buri Ram,FD3523,Thai AirAsia,text,0h 55m,Airbus A320,True,2026-02-13T07:22:49.960669
2026-06-08,DMK,arrival,10:25,CNX Chiang Mai,FD3446,Thai AirAsia,text,1h 15m,Airbus A320,True,2026-02-13T07:22:51.252146
2026-06-08,DMK,arrival,10:25,HKT Phuket,FD3038,Thai AirAsia,text,1h 25m,Airbus A320,True,2026-02-13T07:22:52.566844
2026-06-08,DMK,arrival,10:25,NNT Nan,FD3555,Thai AirAsia,text,1h 5m,Airbus A320,True,2026-02-13T07:22:53.839231
2026-06-08,DMK,arrival,10:25,UBP Ubon Ratchathani,SL621,Thai Lion Air,text,1h 5m,Boeing 737-800 Passenger,True,2026-02-13T07:22:55.116526
2026-06-08,DMK,arrival,10:35,URT Surat Thani,SL735,Thai Lion Air,text,1h 15m,Boeing 737-800 Passenger,True,2026-02-13T07:22:56.384249
2026-06-08,DMK,arrival,10:40,UTH Udon Thani,FD3355,Thai AirAsia,text,1h 0m,Airbus A320,True,2026-02-13T07:22:57.705507
2026-06-08,DMK,arrival,10:40,KOP Nakhon Phanom,SL671,Thai Lion Air,text,1h 20m,Boeing 737-800 Passenger,True,2026-02-13T07:22:58.986177
2026-06-08,DMK,arrival,10:40,UTH Udon Thani,SL601,Thai Lion Air,text,1h 0m,Boeing 737-800 Passenger,True,2026-02-13T07:23:00.264355
2026-06-08,DMK,arrival,10:50,KOP Nakhon Phanom,FD3399,Thai AirAsia,text,1h 10m,Airbus A320,True,2026-02-13T07:23:01.544371
2026-06-08,DMK,arrival,10:50,CGK Jakarta,QZ250,Indonesia AirAsia,text,3h 35m,Airbus A320,True,2026-02-13T07:23:02.903412
2026-06-08,DMK,arrival,10:55,HAN Hanoi,FD643,Thai AirAsia,text,1h 50m,Airbus A321neo,True,2026-02-13T07:23:04.161767
2026-06-08,DMK,arrival,11:00,HKT Phuket,FD3030,Thai AirAsia,text,1h 30m,Airbus A320,True,2026-02-13T07:23:05.443482
2026-06-08,DMK,arrival,11:00,KKC Khon Kaen,SL643,Thai Lion Air,text,1h 10m,Boeing 737-800 Passenger,True,2026-02-13T07:23:06.700506
2026-06-08,DMK,arrival,11:05,KUL Kuala Lumpur,OD520,Batik Air,text,2h 15m,Boeing 737-800 Passenger,True,2026-02-13T07:23:08.033604
2026-06-08,DMK,arrival,11:10,KTI Phnom Penh,FD609,Thai AirAsia,text,1h 25m,Airbus A320,True,2026-02-13T07:23:09.337430
2026-06-08,DMK,arrival,11:15,CEI Chiang Rai,FD3202,Thai AirAsia,text,1h 15m,Airbus A320,True,2026-02-13T07:23:10.606958
2026-06-08,DMK,arrival,11:15,TST Trang,FD3242,Thai AirAsia,text,1h 25m,Airbus A320,True,2026-02-13T07:23:11.863002
2026-06-08,DMK,arrival,11:15,HKT Phuket,SL753,Thai Lion Air,text,1h 25m,Boeing 737-900 Passenger,True,2026-02-13T07:23:13.203133
2026-06-08,DMK,arrival,11:20,DAD Da Nang,FD635,Thai AirAsia,text,1h 40m,Airbus A321neo,True,2026-02-13T07:23:14.530383
2026-06-08,DMK,arrival,11:25,CNX Chiang Mai,FD8436,Thai AirAsia,text,1h 15m,Airbus A320,True,2026-02-13T07:23:15.810659
2026-06-08,DMK,arrival,11:25,MNL Manila,Z2285,Philippines AirAsia,text,3h 20m,Airbus A320,True,2026-02-13T07:23:17.103313
2026-06-08,DMK,arrival,11:30,SGN Ho Chi Minh City,FD657,Thai AirAsia,text,1h 45m,Airbus A320,True,2026-02-13T07:23:18.383733
2026-06-08,DMK,arrival,11:30,CEI Chiang Rai,SL533,Thai Lion Air,text,1h 15m,Boeing 737-900 Passenger,True,2026-02-13T07:23:19.940471
2026-06-08,DMK,arrival,11:35,TST Trang,SL825,Thai Lion Air,text,1h 25m,Boeing 737-800 Passenger,True,2026-02-13T07:23:21.376412
2026-06-08,DMK,arrival,11:40,FUK Fukuoka,FD237,Thai AirAsia,text,5h 25m,Airbus A321neo,True,2026-02-13T07:23:22.633759
2026-06-08,DMK,arrival,11:45,CNX Chiang Mai,SL507,Thai Lion Air,text,1h 15m,Boeing 737-900 Passenger,True,2026-02-13T07:23:23.955068
2026-06-08,DMK,arrival,11:50,KUL Kuala Lumpur,OD526,Batik Air,text,2h 15m,Boeing 737-800 Passenger,True,2026-02-13T07:23:25.243366
2026-06-08,DMK,arrival,11:55,CEI Chiang Rai,DD101,Nok Air,text,1h 20m,Boeing 737-800 Passenger,True,2026-02-13T07:23:26.575336
2026-06-08,DMK,arrival,12:00,KUL Kuala Lumpur,FD312,Thai AirAsia,text,2h 15m,Airbus A320,True,2026-02-13T07:23:27.845432
2026-06-08,DMK,arrival,12:05,NNT Nan,DD173,Nok Air,text,1h 10m,Boeing 737-800 Passenger,True,2026-02-13T07:23:29.167812
2026-06-08,DMK,arrival,12:10,KBV Krabi,FD3230,Thai AirAsia,text,1h 20m,Airbus A320,True,2026-02-13T07:23:30.467093
2026-06-08,DMK,arrival,12:10,KNO Kuala Namu,QZ154,Indonesia AirAsia,text,2h 5m,Airbus A320,True,2026-02-13T07:23:31.764083
2026-06-08,DMK,arrival,12:15,CNX Chiang Mai,FD3436,Thai AirAsia,text,1h 15m,Airbus A320,True,2026-02-13T07:23:33.045191
2026-06-08,DMK,arrival,12:15,HDY Hat Yai,SL705,Thai Lion Air,text,1h 30m,Boeing 737-900 Passenger,True,2026-02-13T07:23:34.357510
2026-06-08,DMK,arrival,12:15,PEN Penang,SL133,Thai Lion Air,text,1h 45m,Boeing 737-800 Passenger,True,2026-02-13T07:23:35.772185
2026-06-08,DMK,arrival,12:20,RGN Yangon,8M360,MAI,text,1h 20m,Embraer 190,True,2026-02-13T07:23:37.050217
2026-06-08,DMK,arrival,12:25,UBP Ubon Ratchathani,DD323,Nok Air,text,1h 5m,Boeing 737-800 Passenger,True,2026-02-13T07:23:38.321168
2026-06-08,DMK,arrival,12:30,CXR Nha Trang,FD647,Thai AirAsia,text,2h 0m,Airbus A320,True,2026-02-13T07:23:39.634698
2026-06-08,DMK,arrival,12:30,KBV Krabi,SL807,Thai Lion Air,text,1h 30m,Boeing 737-900 Passenger,True,2026-02-13T07:23:40.939310
2026-06-08,DMK,arrival,12:35,KUL Kuala Lumpur,AK882,AirAsia,text,2h 15m,Airbus A320,True,2026-02-13T07:23:42.233324
2026-06-08,DMK,arrival,12:40,HKT Phuket,SL759,Thai Lion Air,text,1h 25m,Boeing 737-800 Passenger,True,2026-02-13T07:23:43.521180
2026-06-08,DMK,arrival,12:40,UBP Ubon Ratchathani,SL625,Thai Lion Air,text,1h 10m,Boeing 737-900 Passenger,True,2026-02-13T07:23:44.845409
2026-06-08,DMK,arrival,12:45,USM Koh Samui,PG452,Bangkok Airways,text,1h 30m,ATR 42 / ATR 72,True,2026-02-13T07:23:46.161753
2026-06-08,DMK,arrival,12:50,URT Surat Thani,FD3238,Thai AirAsia,text,1h 10m,Airbus A320,True,2026-02-13T07:23:47.457247
2026-06-08,DMK,arrival,12:55,LOE Loei,FD3543,Thai AirAsia,text,1h 0m,Airbus A320,True,2026-02-13T07:23:48.793488
2026-06-08,DMK,arrival,13:00,SAI Siem Reap,FD611,Thai AirAsia,text,1h 5m,Airbus A320,True,2026-02-13T07:23:50.174280
2026-06-08,DMK,arrival,13:05,HKT Phuket,DD523,Nok Air,text,1h 30m,Boeing 737-800 Passenger,True,2026-02-13T07:23:51.486299
2026-06-08,DMK,arrival,13:05,CNX Chiang Mai,FD3428,Thai AirAsia,text,1h 5m,Airbus A321neo,True,2026-02-13T07:23:52.771763
2026-06-08,DMK,arrival,13:05,NST Nakhon Si Thammarat,FD3181,Thai AirAsia,text,1h 20m,Airbus A320,True,2026-02-13T07:23:54.033378
2026-06-08,DMK,arrival,13:10,JHB Johor Bharu,FD513,Thai AirAsia,text,2h 25m,Airbus A320,True,2026-02-13T07:23:55.347911
2026-06-08,DMK,arrival,13:20,KBV Krabi,DD543,Nok Air,text,1h 25m,Boeing 737-800 Passenger,True,2026-02-13T07:23:56.656599
2026-06-08,DMK,arrival,13:20,CKG Chongqing,FD557,Thai AirAsia,text,3h 10m,Airbus A320,True,2026-02-13T07:23:57.937260
2026-06-08,DMK,arrival,13:25,CNX Chiang Mai,DD125,Nok Air,text,1h 15m,Boeing 737-800 Passenger,True,2026-02-13T07:23:59.198292
2026-06-08,DMK,arrival,13:25,ROI Roi Et,FD3565,Thai AirAsia,text,0h 55m,Airbus A320,True,2026-02-13T07:24:00.520359
2026-06-08,DMK,arrival,13:25,HKT Phuket,SL755,Thai Lion Air,text,1h 20m,Boeing 737-800 Passenger,True,2026-02-13T07:24:01.829435
2026-06-08,DMK,arrival,13:40,SIN Singapore,SL101,Thai Lion Air,text,2h 30m,Boeing 737-900 Passenger,True,2026-02-13T07:24:03.113271
2026-06-08,DMK,arrival,13:45,DAD Da Nang,FD637,Thai AirAsia,text,1h 45m,Airbus A320,True,2026-02-13T07:24:04.419373
2026-06-08,DMK,arrival,13:45,UBP Ubon Ratchathani,FD3375,Thai AirAsia,text,1h 10m,Airbus A320,True,2026-02-13T07:24:05.759209
2026-06-08,DMK,arrival,13:50,KMG Kunming,FD583,Thai AirAsia,text,2h 20m,Airbus A320,True,2026-02-13T07:24:07.058723
2026-06-08,DMK,arrival,13:50,KKC Khon Kaen,SL645,Thai Lion Air,text,1h 5m,Boeing 737-800 Passenger,True,2026-02-13T07:24:08.342423
2026-06-08,DMK,arrival,13:55,KBV Krabi,FD3211,Thai AirAsia,text,1h 25m,Airbus A321neo,True,2026-02-13T07:24:09.625207
2026-06-08,DMK,arrival,14:00,NAW Narathiwat,FD3131,Thai AirAsia,text,1h 30m,Airbus A320,True,2026-02-13T07:24:10.904044
2026-06-08,DMK,arrival,14:00,UTH Udon Thani,SL605,Thai Lion Air,text,1h 5m,Boeing 737-800 Passenger,True,2026-02-13T07:24:12.193993
2026-06-08,DMK,arrival,14:05,NST Nakhon Si Thammarat,DD553,Nok Air,text,1h 20m,Boeing 737-800 Passenger,True,2026-02-13T07:24:13.605061
2026-06-08,DMK,arrival,14:05,LPT Lampang,FD3924,Thai AirAsia,text,1h 15m,Airbus A320,True,2026-02-13T07:24:14.877631
2026-06-08,DMK,arrival,14:10,HAN Hanoi,FD641,Thai AirAsia,text,1h 50m,Airbus A320,True,2026-02-13T07:24:16.167003
2026-06-08,DMK,arrival,14:10,HDY Hat Yai,SL707,Thai Lion Air,text,1h 25m,Boeing 737-800 Passenger,True,2026-02-13T07:24:17.511514
2026-06-08,DMK,arrival,14:15,HDY Hat Yai,FD3117,Thai AirAsia,text,1h 35m,Airbus A320,True,2026-02-13T07:24:18.800751
2026-06-08,DMK,arrival,14:25,CEI Chiang Rai,FD3210,Thai AirAsia,text,1h 15m,Airbus A320,True,2026-02-13T07:24:20.071920
2026-06-08,DMK,arrival,14:25,KKC Khon Kaen,FD3255,Thai AirAsia,text,1h 5m,Airbus A320,True,2026-02-13T07:24:21.344359
2026-06-08,DMK,arrival,14:25,CNX Chiang Mai,SL509,Thai Lion Air,text,1h 15m,Boeing 737-900 Passenger,True,2026-02-13T07:24:22.629189
2026-06-08,DMK,arrival,14:25,KIX Osaka,XJ613,Thai AirAsia X,text,6h 30m,Airbus A330-300,True,2026-02-13T07:24:23.898286
2026-06-08,DMK,arrival,14:30,NNT Nan,FD3553,Thai AirAsia,text,1h 5m,Airbus A320,True,2026-02-13T07:24:25.210389
2026-06-08,DMK,arrival,14:35,UNN Ranong,FD3141,Thai AirAsia,text,1h 10m,Airbus A320,True,2026-02-13T07:24:26.503942
2026-06-08,DMK,arrival,14:40,URT Surat Thani,FD3240,Thai AirAsia,text,1h 15m,Airbus A321neo,True,2026-02-13T07:24:27.769824
2026-06-08,DMK,arrival,14:40,NRT Tokyo,XJ601,Thai AirAsia X,text,7h 25m,Airbus A330-300,True,2026-02-13T07:24:29.056815
2026-06-08,DMK,arrival,14:45,KUL Kuala Lumpur,AK884,AirAsia,text,2h 15m,Airbus A320,True,2026-02-13T07:24:30.332402
2026-06-08,DMK,arrival,14:45,TST Trang,DD593,Nok Air,text,1h 25m,Boeing 737-800 Passenger,True,2026-02-13T07:24:31.624112
2026-06-08,DMK,arrival,14:45,HKT Phuket,FD3026,Thai AirAsia,text,1h 30m,Airbus A320,True,2026-02-13T07:24:32.898756
2026-06-08,DMK,arrival,14:45,CNX Chiang Mai,SL511,Thai Lion Air,text,1h 15m,Boeing 737-800 Passenger,True,2026-02-13T07:24:34.182231
2026-06-08,DMK,arrival,14:45,NST Nakhon Si Thammarat,SL785,Thai Lion Air,text,1h 15m,Boeing 737-800 Passenger,True,2026-02-13T07:24:35.460388
2026-06-08,DMK,arrival,14:50,KBV Krabi,FD3226,Thai AirAsia,text,1h 25m,Airbus A320,True,2026-02-13T07:24:36.734766
2026-06-08,DMK,arrival,14:50,NST Nakhon Si Thammarat,FD3185,Thai AirAsia,text,1h 20m,Airbus A320,True,2026-02-13T07:24:38.007776
2026-06-08,DMK,arrival,14:55,PEN Penang,FD324,Thai AirAsia,text,1h 50m,Airbus A320,True,2026-02-13T07:24:39.303368
2026-06-08,DMK,arrival,14:55,UTH Udon Thani,FD3359,Thai AirAsia,text,1h 10m,Airbus A321neo,True,2026-02-13T07:24:40.578191
2026-06-08,DMK,arrival,15:00,HKT Phuket,FD3004,Thai AirAsia,text,1h 30m,Airbus A320,True,2026-02-13T07:24:41.860467
2026-06-08,DMK,arrival,15:00,VTE Vientiane,FD1041,Thai AirAsia,text,1h 10m,Airbus A320,True,2026-02-13T07:24:43.153633
2026-06-08,DMK,arrival,15:10,CSX Changsha,FD481,Thai AirAsia,text,3h 15m,Airbus A320,True,2026-02-13T07:24:44.558455
2026-06-08,DMK,arrival,15:10,UBP Ubon Ratchathani,SL627,Thai Lion Air,text,1h 5m,Boeing 737-800 Passenger,True,2026-02-13T07:24:45.829136
2026-06-08,DMK,arrival,15:15,PQC Phu Quoc,FD661,Thai AirAsia,text,1h 25m,Airbus A320,True,2026-02-13T07:24:47.108760
2026-06-08,DMK,arrival,15:25,BFV Buri Ram,FD3521,Thai AirAsia,text,0h 55m,Airbus A320,True,2026-02-13T07:24:48.406239
2026-06-08,DMK,arrival,15:30,KUL Kuala Lumpur,AK886,AirAsia,text,2h 15m,Airbus A320,True,2026-02-13T07:24:49.730091
2026-06-08,DMK,arrival,15:30,UTH Udon Thani,DD307,Nok Air,text,1h 0m,Boeing 737-800 Passenger,True,2026-02-13T07:24:51.027688
2026-06-08,DMK,arrival,15:30,ICN Seoul,XJ701,Thai AirAsia X,text,6h 10m,Airbus A330-300,True,2026-02-13T07:24:52.326662
2026-06-08,DMK,arrival,15:35,DPS Denpasar,FD397,Thai AirAsia,text,4h 35m,Airbus A320,True,2026-02-13T07:24:53.637793
2026-06-08,DMK,arrival,15:40,URT Surat Thani,SL737,Thai Lion Air,text,1h 20m,Boeing 737-800 Passenger,True,2026-02-13T07:24:55.006490
2026-06-08,DMK,arrival,15:45,KOP Nakhon Phanom,FD3395,Thai AirAsia,text,1h 10m,Airbus A320,True,2026-02-13T07:24:56.322183
2026-06-08,DMK,arrival,15:50,CNX Chiang Mai,FD3434,Thai AirAsia,text,1h 15m,Airbus A320,True,2026-02-13T07:24:57.591128
2026-06-08,DMK,arrival,15:50,HKT Phuket,SL757,Thai Lion Air,text,1h 20m,Boeing 737-900 Passenger,True,2026-02-13T07:24:58.907059
2026-06-08,DMK,arrival,15:55,HDY Hat Yai,SL711,Thai Lion Air,text,1h 30m,Boeing 737-900 Passenger,True,2026-02-13T07:25:00.195300
2026-06-08,DMK,arrival,16:00,MFM Macau,FD763,Thai AirAsia,text,2h 45m,Airbus A320,True,2026-02-13T07:25:01.487375
2026-06-08,DMK,arrival,16:05,HKT Phuket,DD525,Nok Air,text,1h 30m,Boeing 737-800 Passenger,True,2026-02-13T07:25:02.818554
2026-06-08,DMK,arrival,16:05,LPQ Luang Prabang,FD1031,Thai AirAsia,text,1h 30m,Airbus A320,True,2026-02-13T07:25:04.143089
2026-06-08,DMK,arrival,16:05,CEI Chiang Rai,SL539,Thai Lion Air,text,1h 25m,Boeing 737-900 Passenger,True,2026-02-13T07:25:05.458947
2026-06-08,DMK,arrival,16:05,HKG Hong Kong,SL361,Thai Lion Air,text,2h 45m,Boeing 737-900 Passenger,True,2026-02-13T07:25:06.733617
2026-06-08,DMK,arrival,16:10,CGK Jakarta,QG512,Citilink,text,3h 40m,Airbus A320,True,2026-02-13T07:25:08.204576
2026-06-08,DMK,arrival,16:15,CJM Chumphon,FD3147,Thai AirAsia,text,1h 0m,Airbus A320,True,2026-02-13T07:25:09.513796
2026-06-08,DMK,arrival,16:20,CNX Chiang Mai,FD3426,Thai AirAsia,text,1h 15m,Airbus A320,True,2026-02-13T07:25:10.807172
2026-06-08,DMK,arrival,16:20,SIN Singapore,FD356,Thai AirAsia,text,2h 40m,Airbus A321neo,True,2026-02-13T07:25:12.078079
2026-06-08,DMK,arrival,16:20,UTH Udon Thani,SL607,Thai Lion Air,text,1h 5m,Boeing 737-800 Passenger,True,2026-02-13T07:25:13.381188
2026-06-08,DMK,arrival,16:25,SNO Sakon Nakhon,DD365,Nok Air,text,1h 10m,Boeing 737-800 Passenger,True,2026-02-13T07:25:14.761084
2026-06-08,DMK,arrival,16:25,SAI Siem Reap,FD615,Thai AirAsia,text,1h 10m,Airbus A320,True,2026-02-13T07:25:16.095572
2026-06-08,DMK,arrival,16:25,SNO Sakon Nakhon,FD3515,Thai AirAsia,text,1h 5m,Airbus A320,True,2026-02-13T07:25:17.379826
2026-06-08,DMK,arrival,16:25,CNX Chiang Mai,SL513,Thai Lion Air,text,1h 20m,Boeing 737-900 Passenger,True,2026-02-13T07:25:18.668244
2026-06-08,DMK,arrival,16:25,MFM Macau,SL373,Thai Lion Air,text,2h 40m,Boeing 737-800 Passenger,True,2026-02-13T07:25:19.954180
2026-06-08,DMK,arrival,16:30,HKT Phuket,FD3092,Thai AirAsia,text,1h 20m,Airbus A321neo,True,2026-02-13T07:25:21.255903
2026-06-08,DMK,arrival,16:30,NAW Narathiwat,FD3135,Thai AirAsia,text,1h 30m,Airbus A320,True,2026-02-13T07:25:22.538388
2026-06-08,DMK,arrival,16:35,URT Surat Thani,DD575,Nok Air,text,1h 15m,Boeing 737-800 Passenger,True,2026-02-13T07:25:23.830229
2026-06-08,DMK,arrival,16:35,NST Nakhon Si Thammarat,SL787,Thai Lion Air,text,1h 15m,Boeing 737-800 Passenger,True,2026-02-13T07:25:25.128722
2026-06-08,DMK,arrival,16:40,PHS Phitsanulok,SL557,Thai Lion Air,text,1h 0m,Boeing 737-800 Passenger,True,2026-02-13T07:25:26.411256
2026-06-08,DMK,arrival,16:45,CEI Chiang Rai,FD3204,Thai AirAsia,text,1h 15m,Airbus A320,True,2026-02-13T07:25:27.690604
2026-06-08,DMK,arrival,16:45,SZB Kuala Lumpur,OD532,Batik Air,text,2h 15m,Boeing 737-800 Passenger,True,2026-02-13T07:25:28.996593
2026-06-08,DMK,arrival,16:50,URT Surat Thani,FD3234,Thai AirAsia,text,1h 15m,Airbus A320,True,2026-02-13T07:25:30.308478
2026-06-08,DMK,arrival,17:05,CNX Chiang Mai,DD133,Nok Air,text,1h 15m,Boeing 737-800 Passenger,True,2026-02-13T07:25:31.587907
2026-06-08,DMK,arrival,17:05,KUL Kuala Lumpur,OD528,Batik Air,text,2h 15m,Boeing 737-800 Passenger,True,2026-02-13T07:25:32.864365
2026-06-08,DMK,arrival,17:05,ICN Seoul,SL353,Thai Lion Air,text,5h 35m,Boeing 737-800 Passenger,True,2026-02-13T07:25:34.152167
2026-06-08,DMK,arrival,17:10,HDY Hat Yai,FD3119,Thai AirAsia,text,1h 35m,Airbus A320,True,2026-02-13T07:25:35.452420
2026-06-08,DMK,arrival,17:10,JHB Johor Bharu,FD511,Thai AirAsia,text,2h 25m,Airbus A320,True,2026-02-13T07:25:36.722070
2026-06-08,DMK,arrival,17:10,KBV Krabi,FD3224,Thai AirAsia,text,1h 25m,Airbus A320,True,2026-02-13T07:25:37.998360
2026-06-08,DMK,arrival,17:10,HDY Hat Yai,SL713,Thai Lion Air,text,1h 30m,Boeing 737-900 Passenger,True,2026-02-13T07:25:39.303176
2026-06-08,DMK,arrival,17:15,KKC Khon Kaen,FD3261,Thai AirAsia,text,1h 5m,Airbus A320,True,2026-02-13T07:25:40.589204
2026-06-08,DMK,arrival,17:20,KNO Kuala Namu,QZ156,Indonesia AirAsia,text,2h 5m,Airbus A320,True,2026-02-13T07:25:41.867997
2026-06-08,DMK,arrival,17:25,HKT Phuket,FD3024,Thai AirAsia,text,1h 30m,Airbus A320,True,2026-02-13T07:25:43.272718
2026-06-08,DMK,arrival,17:25,USM Koh Samui,PG454,Bangkok Airways,text,1h 30m,ATR 42 / ATR 72,True,2026-02-13T07:25:44.556532
2026-06-08,DMK,arrival,17:25,HKT Phuket,SL769,Thai Lion Air,text,1h 25m,Boeing 737-800 Passenger,True,2026-02-13T07:25:45.847209
2026-06-08,DMK,arrival,17:30,NST Nakhon Si Thammarat,DD555,Nok Air,text,1h 20m,Boeing 737-800 Passenger,True,2026-02-13T07:25:47.153785
2026-06-08,DMK,arrival,17:30,URT Surat Thani,FD3232,Thai AirAsia,text,1h 15m,Airbus A320,True,2026-02-13T07:25:48.460767
2026-06-08,DMK,arrival,17:35,ROI Roi Et,FD3569,Thai AirAsia,text,1h 0m,Airbus A320,True,2026-02-13T07:25:49.807186
2026-06-08,DMK,arrival,17:35,SGN Ho Chi Minh City,FD655,Thai AirAsia,text,1h 40m,Airbus A321neo,True,2026-02-13T07:25:51.184670
2026-06-08,DMK,arrival,17:35,NST Nakhon Si Thammarat,SL789,Thai Lion Air,text,1h 15m,Boeing 737-800 Passenger,True,2026-02-13T07:25:52.500775
2026-06-08,DMK,arrival,17:40,CNX Chiang Mai,FD3440,Thai AirAsia,text,1h 10m,Airbus A321neo,True,2026-02-13T07:25:53.792436
2026-06-08,DMK,arrival,17:40,UBP Ubon Ratchathani,SL629,Thai Lion Air,text,1h 5m,Boeing 737-800 Passenger,True,2026-02-13T07:25:55.112772
2026-06-08,DMK,arrival,17:45,HDY Hat Yai,FD3109,Thai AirAsia,text,1h 30m,Airbus A320,True,2026-02-13T07:25:56.406370
2026-06-08,DMK,arrival,17:45,LOE Loei,FD3549,Thai AirAsia,text,0h 55m,Airbus A320,True,2026-02-13T07:25:57.685973
2026-06-08,DMK,arrival,17:45,PHS Phitsanulok,FD3307,Thai AirAsia,text,0h 50m,Airbus A320,True,2026-02-13T07:25:58.962636
2026-06-08,DMK,arrival,17:50,CEI Chiang Rai,DD105,Nok Air,text,1h 20m,Boeing 737-800 Passenger,True,2026-02-13T07:26:00.257987
2026-06-08,DMK,arrival,17:50,CGK Jakarta,QZ256,Indonesia AirAsia,text,3h 35m,Airbus A320,True,2026-02-13T07:26:01.576755
2026-06-08,DMK,arrival,17:50,SUB Surabaya,SL269,Thai Lion Air,text,4h 10m,Boeing 737-800 Passenger,True,2026-02-13T07:26:03.058851
2026-06-08,DMK,arrival,17:50,URT Surat Thani,SL741,Thai Lion Air,text,1h 15m,Boeing 737-800 Passenger,True,2026-02-13T07:26:04.329477
2026-06-08,DMK,arrival,17:55,MDL Mandalay,8M362,MAI,text,1h 50m,Embraer 190,True,2026-02-13T07:26:05.614043
2026-06-08,DMK,arrival,18:00,KUL Kuala Lumpur,AK892,AirAsia,text,2h 20m,Airbus A320,True,2026-02-13T07:26:06.946688
2026-06-08,DMK,arrival,18:00,KOP Nakhon Phanom,FD3397,Thai AirAsia,text,1h 10m,Airbus A320,True,2026-02-13T07:26:08.242936
2026-06-08,DMK,arrival,18:05,UBP Ubon Ratchathani,FD3361,Thai AirAsia,text,1h 5m,Airbus A320,True,2026-02-13T07:26:09.516800
2026-06-08,DMK,arrival,18:10,MAQ Mae Sot,DD197,Nok Air,text,0h 55m,Boeing 737-800 Passenger,True,2026-02-13T07:26:10.795055
2026-06-08,DMK,arrival,18:15,HKT Phuket,FD3008,Thai AirAsia,text,1h 30m,Airbus A320,True,2026-02-13T07:26:13.040083
2026-06-08,DMK,arrival,18:15,HKT Phuket,SL767,Thai Lion Air,text,1h 25m,Boeing 737-900 Passenger,True,2026-02-13T07:26:14.394515
2026-06-08,DMK,arrival,18:15,UTH Udon Thani,SL611,Thai Lion Air,text,1h 5m,Boeing 737-800 Passenger,True,2026-02-13T07:26:15.678246
2026-06-08,DMK,arrival,18:25,KBV Krabi,FD3216,Thai AirAsia,text,1h 15m,Airbus A321neo,True,2026-02-13T07:26:16.985130
2026-06-08,DMK,arrival,18:25,KTI Phnom Penh,FD607,Thai AirAsia,text,1h 20m,Airbus A320,True,2026-02-13T07:26:18.320264
2026-06-08,DMK,arrival,18:25,UTH Udon Thani,FD3363,Thai AirAsia,text,1h 0m,Airbus A320,True,2026-02-13T07:26:19.700825
2026-06-08,DMK,arrival,18:30,UNN Ranong,FD3143,Thai AirAsia,text,1h 10m,Airbus A320,True,2026-02-13T07:26:21.129660
2026-06-08,DMK,arrival,18:35,KKC Khon Kaen,SL647,Thai Lion Air,text,1h 5m,Boeing 737-800 Passenger,True,2026-02-13T07:26:23.017213
2026-06-08,DMK,arrival,18:40,HDY Hat Yai,SL715,Thai Lion Air,text,1h 30m,Boeing 737-900 Passenger,True,2026-02-13T07:26:24.300774
2026-06-08,DMK,arrival,18:45,UBP Ubon Ratchathani,DD327,Nok Air,text,1h 5m,Boeing 737-800 Passenger,True,2026-02-13T07:26:25.575980
2026-06-08,DMK,arrival,18:45,CNX Chiang Mai,FD3432,Thai AirAsia,text,1h 15m,Airbus A320,True,2026-02-13T07:26:26.840780
2026-06-08,DMK,arrival,18:45,KTM Kathmandu,SL221,Thai Lion Air,text,3h 15m,Boeing 737-800 Passenger,True,2026-02-13T07:26:28.156273
2026-06-08,DMK,arrival,18:55,HKT Phuket,FD3018,Thai AirAsia,text,1h 30m,Airbus A320,True,2026-02-13T07:26:29.472287
2026-06-08,DMK,arrival,19:00,TST Trang,SL827,Thai Lion Air,text,1h 25m,Boeing 737-800 Passenger,True,2026-02-13T07:26:30.883150
2026-06-08,DMK,arrival,19:10,KUL Kuala Lumpur,AK888,AirAsia,text,2h 20m,Airbus A320,True,2026-02-13T07:26:32.200128
2026-06-08,DMK,arrival,19:10,HDY Hat Yai,FD3115,Thai AirAsia,text,1h 30m,Airbus A320,True,2026-02-13T07:26:33.546012
2026-06-08,DMK,arrival,19:10,MLE Male,FD176,Thai AirAsia,text,4h 40m,Airbus A320,True,2026-02-13T07:26:34.827973
2026-06-08,DMK,arrival,19:10,URT Surat Thani,FD3332,Thai AirAsia,text,1h 10m,Airbus A320,True,2026-02-13T07:26:36.102828
2026-06-08,DMK,arrival,19:15,CEI Chiang Rai,FD3208,Thai AirAsia,text,1h 20m,Airbus A321neo,True,2026-02-13T07:26:37.373695
2026-06-08,DMK,arrival,19:15,KUL Kuala Lumpur,OD522,Batik Air,text,2h 10m,Boeing 737-800 Passenger,True,2026-02-13T07:26:38.722608
2026-06-08,DMK,arrival,19:25,PEN Penang,FD322,Thai AirAsia,text,1h 30m,Airbus A320,True,2026-02-13T07:26:40.027886
2026-06-08,DMK,arrival,19:30,KKC Khon Kaen,FD3257,Thai AirAsia,text,0h 55m,Airbus A321neo,True,2026-02-13T07:26:41.310596
2026-06-08,DMK,arrival,19:30,PHS Phitsanulok,FD3311,Thai AirAsia,text,1h 0m,Airbus A320,True,2026-02-13T07:26:42.633304
2026-06-08,DMK,arrival,19:30,TPE Taipei,SL399,Thai Lion Air,text,3h 50m,Boeing 737-800 Passenger,True,2026-02-13T07:26:44.034247
2026-06-08,DMK,arrival,19:35,CNX Chiang Mai,DD135,Nok Air,text,1h 15m,Boeing 737-800 Passenger,True,2026-02-13T07:26:45.371729
2026-06-08,DMK,arrival,19:35,KBV Krabi,FD3222,Thai AirAsia,text,1h 25m,Airbus A320,True,2026-02-13T07:26:46.685609
2026-06-08,DMK,arrival,19:40,KTM Kathmandu,FD183,Thai AirAsia,text,3h 25m,Airbus A320neo,True,2026-02-13T07:26:48.319325
2026-06-08,DMK,arrival,19:45,CNX Chiang Mai,FD3442,Thai AirAsia,text,1h 10m,Airbus A320,True,2026-02-13T07:26:49.835854
2026-06-08,DMK,arrival,19:45,LPT Lampang,FD3926,Thai AirAsia,text,1h 5m,Airbus A320,True,2026-02-13T07:26:51.160081
2026-06-08,DMK,arrival,19:45,UBP Ubon Ratchathani,FD3379,Thai AirAsia,text,1h 5m,Airbus A320,True,2026-02-13T07:26:52.485300
2026-06-08,DMK,arrival,19:55,DAD Da Nang,FD639,Thai AirAsia,text,1h 45m,Airbus A320,True,2026-02-13T07:26:53.771434
2026-06-08,DMK,arrival,20:00,HKT Phuket,FD3022,Thai AirAsia,text,1h 30m,Airbus A320,True,2026-02-13T07:26:55.196422
2026-06-08,DMK,arrival,20:00,RGN Yangon,FD254,Thai AirAsia,text,1h 15m,Airbus A320,True,2026-02-13T07:26:56.571563
2026-06-08,DMK,arrival,20:00,TST Trang,FD3246,Thai AirAsia,text,1h 25m,Airbus A320,True,2026-02-13T07:26:57.913456
2026-06-08,DMK,arrival,20:00,CNX Chiang Mai,SL515,Thai Lion Air,text,1h 15m,Boeing 737-900 Passenger,True,2026-02-13T07:26:59.184696
2026-06-08,DMK,arrival,20:00,URT Surat Thani,SL747,Thai Lion Air,text,1h 20m,Boeing 737-900 Passenger,True,2026-02-13T07:27:00.535431
2026-06-08,DMK,arrival,20:05,HKT Phuket,SL761,Thai Lion Air,text,1h 25m,Boeing 737-800 Passenger,True,2026-02-13T07:27:01.844387
2026-06-08,DMK,arrival,20:10,CGK Jakarta,QZ252,Indonesia AirAsia,text,3h 35m,Airbus A320,True,2026-02-13T07:27:03.150153
2026-06-08,DMK,arrival,20:15,KHH Kaohsiung,FD235,Thai AirAsia,text,3h 25m,Airbus A320neo,True,2026-02-13T07:27:04.437557
2026-06-08,DMK,arrival,20:20,KBV Krabi,DD547,Nok Air,text,1h 25m,Boeing 737-800 Passenger,True,2026-02-13T07:27:05.781473
2026-06-08,DMK,arrival,20:20,CNX Chiang Mai,FD8440,Thai AirAsia,text,1h 15m,Airbus A320,True,2026-02-13T07:27:07.067538
2026-06-08,DMK,arrival,20:25,HKT Phuket,DD529,Nok Air,text,1h 30m,Boeing 737-800 Passenger,True,2026-02-13T07:27:08.353591
2026-06-08,DMK,arrival,20:25,PHS Phitsanulok,DD209,Nok Air,text,0h 55m,Boeing 737-800 Passenger,True,2026-02-13T07:27:09.681359
2026-06-08,DMK,arrival,20:30,DVO Davao,5J5964,Cebu Pacific,text,4h 35m,Airbus A320neo,True,2026-02-13T07:27:10.993196
2026-06-08,DMK,arrival,20:30,CJM Chumphon,DD605,Nok Air,text,1h 0m,Boeing 737-800 Passenger,True,2026-02-13T07:27:12.282580
2026-06-08,DMK,arrival,20:40,UBP Ubon Ratchathani,FD3373,Thai AirAsia,text,1h 5m,Airbus A320,True,2026-02-13T07:27:13.742544
2026-06-08,DMK,arrival,20:45,NNT Nan,FD3559,Thai AirAsia,text,1h 10m,Airbus A320,True,2026-02-13T07:27:15.020007
2026-06-08,DMK,arrival,20:45,UTH Udon Thani,FD3357,Thai AirAsia,text,1h 0m,Airbus A320,True,2026-02-13T07:27:16.415017
2026-06-08,DMK,arrival,20:45,KOP Nakhon Phanom,SL675,Thai Lion Air,text,1h 20m,Boeing 737-800 Passenger,True,2026-02-13T07:27:17.737618
2026-06-08,DMK,arrival,20:50,KUL Kuala Lumpur,AK896,AirAsia,text,2h 15m,Airbus A320,True,2026-02-13T07:27:19.027701
2026-06-08,DMK,arrival,20:50,KBV Krabi,FD3228,Thai AirAsia,text,1h 30m,Airbus A320,True,2026-02-13T07:27:20.308939
2026-06-08,DMK,arrival,20:50,ROI Roi Et,FD3563,Thai AirAsia,text,1h 0m,Airbus A320,True,2026-02-13T07:27:21.678082
2026-06-08,DMK,arrival,20:50,KBV Krabi,SL813,Thai Lion Air,text,1h 30m,Boeing 737-900 Passenger,True,2026-02-13T07:27:23.017732
2026-06-08,DMK,arrival,20:50,NST Nakhon Si Thammarat,SL793,Thai Lion Air,text,1h 20m,Boeing 737-800 Passenger,True,2026-02-13T07:27:24.308884
2026-06-08,DMK,arrival,20:55,KOP Nakhon Phanom,FD3343,Thai AirAsia,text,1h 10m,Airbus A320,True,2026-02-13T07:27:25.589215
2026-06-08,DMK,arrival,20:55,WUH Wuhan,FD573,Thai AirAsia,text,3h 30m,Airbus A320,True,2026-02-13T07:27:26.931282
2026-06-08,DMK,arrival,21:00,HDY Hat Yai,SL719,Thai Lion Air,text,1h 25m,Boeing 737-800 Passenger,True,2026-02-13T07:27:28.210430
2026-06-08,DMK,arrival,21:10,HDY Hat Yai,FD3111,Thai AirAsia,text,1h 30m,Airbus A320,True,2026-02-13T07:27:29.494836
2026-06-08,DMK,arrival,21:10,HKT Phuket,FD3028,Thai AirAsia,text,1h 20m,Airbus A321neo,True,2026-02-13T07:27:30.793683
2026-06-08,DMK,arrival,21:15,CNX Chiang Mai,FD3430,Thai AirAsia,text,1h 15m,Airbus A321neo,True,2026-02-13T07:27:32.153276
2026-06-08,DMK,arrival,21:20,HGH Hangzhou,FD497,Thai AirAsia,text,4h 10m,Airbus A320,True,2026-02-13T07:27:33.419756
2026-06-08,DMK,arrival,21:20,TPE Taipei,FD231,Thai AirAsia,text,3h 50m,Airbus A321neo,True,2026-02-13T07:27:34.717495
2026-06-08,DMK,arrival,21:25,NST Nakhon Si Thammarat,FD3183,Thai AirAsia,text,1h 15m,Airbus A320,True,2026-02-13T07:27:36.010505
2026-06-08,DMK,arrival,21:30,KKC Khon Kaen,FD3259,Thai AirAsia,text,1h 0m,Airbus A320,True,2026-02-13T07:27:37.326780
2026-06-08,DMK,arrival,21:35,CGO Zhengzhou,SL965,Thai Lion Air,text,4h 15m,Boeing 737-800 Passenger,True,2026-02-13T07:27:38.653612
2026-06-08,DMK,arrival,21:40,DPS Denpasar,SL259,Thai Lion Air,text,4h 20m,Boeing 737-800 Passenger,True,2026-02-13T07:27:39.967982
2026-06-08,DMK,arrival,21:40,HKT Phuket,SL763,Thai Lion Air,text,1h 25m,Boeing 737-800 Passenger,True,2026-02-13T07:27:41.249406
2026-06-08,DMK,arrival,21:40,UTH Udon Thani,SL617,Thai Lion Air,text,1h 5m,Boeing 737-800 Passenger,True,2026-02-13T07:27:42.574102
2026-06-08,DMK,arrival,21:50,HDY Hat Yai,DD509,Nok Air,text,1h 30m,Boeing 737-800 Passenger,True,2026-02-13T07:27:43.924295
2026-06-08,DMK,arrival,21:50,UTH Udon Thani,FD3351,Thai AirAsia,text,1h 5m,Airbus A320,True,2026-02-13T07:27:45.268810
2026-06-08,DMK,arrival,21:55,HDY Hat Yai,FD3105,Thai AirAsia,text,1h 30m,Airbus A321neo,True,2026-02-13T07:27:46.541613
2026-06-08,DMK,arrival,21:55,HKT Phuket,FD3010,Thai AirAsia,text,1h 25m,Airbus A320,True,2026-02-13T07:27:47.889964
2026-06-08,DMK,arrival,22:00,CEI Chiang Rai,SL545,Thai Lion Air,text,1h 25m,Boeing 737-800 Passenger,True,2026-02-13T07:27:49.241140
2026-06-08,DMK,arrival,22:00,HDY Hat Yai,SL717,Thai Lion Air,text,1h 30m,Boeing 737-800 Passenger,True,2026-02-13T07:27:50.529021
2026-06-08,DMK,arrival,22:00,NST Nakhon Si Thammarat,SL795,Thai Lion Air,text,1h 20m,Boeing 737-800 Passenger,True,2026-02-13T07:27:51.836762
2026-06-08,DMK,arrival,22:05,HKG Hong Kong,SL365,Thai Lion Air,text,2h 45m,Boeing 737-900 Passenger,True,2026-02-13T07:27:53.170409
2026-06-08,DMK,arrival,22:10,MNL Manila,5J863,Cebu Pacific,text,3h 45m,Airbus A321neo,True,2026-02-13T07:27:54.475214
2026-06-08,DMK,arrival,22:10,HKG Hong Kong,FD519,Thai AirAsia,text,2h 50m,Airbus A320,True,2026-02-13T07:27:55.772028
2026-06-08,DMK,arrival,22:10,SIN Singapore,FD350,Thai AirAsia,text,2h 30m,Airbus A320,True,2026-02-13T07:27:57.150732
2026-06-08,DMK,arrival,22:30,CNX Chiang Mai,FD3444,Thai AirAsia,text,1h 15m,Airbus A320,True,2026-02-13T07:27:58.484745
2026-06-08,DMK,arrival,22:30,HKT Phuket,FD3012,Thai AirAsia,text,1h 20m,Airbus A320,True,2026-02-13T07:27:59.761080
2026-06-08,DMK,arrival,22:45,HAN Hanoi,FD645,Thai AirAsia,text,1h 50m,Airbus A320,True,2026-02-13T07:28:01.089815
2026-06-08,DMK,arrival,22:45,CNX Chiang Mai,SL521,Thai Lion Air,text,1h 15m,Boeing 737-900 Passenger,True,2026-02-13T07:28:02.375431
2026-06-08,DMK,arrival,22:45,DEL Delhi,SL245,Thai Lion Air,text,4h 5m,Boeing 737-900 Passenger,True,2026-02-13T07:28:03.715608
2026-06-08,DMK,arrival,22:55,CEI Chiang Rai,FD3206,Thai AirAsia,text,1h 15m,Airbus A321neo,True,2026-02-13T07:28:05.000972
2026-06-08,DMK,arrival,23:00,SIN Singapore,SL105,Thai Lion Air,text,2h 30m,Boeing 737-800 Passenger,True,2026-02-13T07:28:06.300468
2026-06-08,DMK,arrival,23:15,SGN Ho Chi Minh City,FD659,Thai AirAsia,text,1h 40m,Airbus A320,True,2026-02-13T07:28:07.576117
2026-06-08,DMK,arrival,23:15,HDY Hat Yai,SL725,Thai Lion Air,text,1h 25m,Boeing 737-800 Passenger,True,2026-02-13T07:28:08.942329
2026-06-08,DMK,arrival,23:30,HKT Phuket,SL765,Thai Lion Air,text,1h 25m,Boeing 737-900 Passenger,True,2026-02-13T07:28:10.232418
2026-06-08,DMK,arrival,23:40,HDY Hat Yai,FD3113,Thai AirAsia,text,1h 35m,Airbus A321neo,True,2026-02-13T07:28:11.533965
2026-06-08,DMK,arrival,23:40,HKT Phuket,FD3032,Thai AirAsia,text,1h 25m,Airbus A321neo,True,2026-02-13T07:28:12.802322
2026-06-08,DMK,arrival,23:50,HKT Phuket,FD3014,Thai AirAsia,text,1h 25m,Airbus A320,True,2026-02-13T07:28:14.142875
2026-06-08,DMK,arrival,23:50,MFM Macau,SL371,Thai Lion Air,text,2h 45m,Boeing 737-800 Passenger,True,2026-02-13T07:28:15.436454
